response,best_ever_one,best_ever_single,best_ever_please,best_world_one,best_world_single,best_world_please,best_time_one,best_time_single,best_time_please,greatest_ever_one,greatest_ever_single,greatest_ever_please,greatest_world_one,greatest_world_single,greatest_world_please,greatest_time_one,greatest_time_single,greatest_time_please,good_ever_one,good_ever_single,good_ever_please,good_world_one,good_world_single,good_world_please,good_time_one,good_time_single,good_time_please,worst_ever_one,worst_ever_single,worst_ever_please,worst_world_one,worst_world_single,worst_world_please,worst_time_one,worst_time_single,worst_time_please,bad_ever_one,bad_ever_single,bad_ever_please,bad_world_one,bad_world_single,bad_world_please,bad_time_one,bad_time_single,bad_time_please,terrible_ever_one,terrible_ever_single,terrible_ever_please,terrible_world_one,terrible_world_single,terrible_world_please,terrible_time_one,terrible_time_single,terrible_time_please
accuracy,-27.375,-27,-24.5,-27.25,-26.625,-24.75,-26.75,-26.625,-24.125,-27.625,-27.375,-24.25,-27.625,-27.375,-25.625,-26.875,-27.125,-24.875,-30.375,-30.25,-27.125,-30.625,-30.25,-27.75,-30.25,-30,-27.875,-35.25,-35.5,-32.25,-34.75,-34.75,-32.25,-35,-34.75,-31.875,-37.5,-37.75,-34.5,-36.25,-36.75,-34.25,-36.25,-36.5,-33.75,-36,-36,-33.5,-34.5,-34.5,-32.5,-35.25,-35,-32.75
affection,-11.75,-10.9375,-11.4375,-10.0625,-9.375,-10.6875,-13.0625,-12.75,-12.125,-15,-14.5,-13.75,-13.3125,-13.25,-13.5,-16.25,-16.25,-15.125,-13.125,-12.5625,-12.875,-11.1875,-9.6875,-12.125,-14.3125,-13.6875,-13.1875,-35,-34.75,-31.75,-34.25,-34,-31.25,-34.75,-35.25,-32,-37.5,-37.5,-35,-36.75,-37,-34.5,-37,-37.25,-34.5,-35.75,-35.25,-33.25,-33.75,-34,-31.875,-35.25,-35,-33
affinity,-24.375,-23.75,-23.125,-23,-21.75,-22.375,-25.125,-24.5,-24,-25.125,-24.5,-23.75,-24,-23.375,-23.625,-25.75,-25.5,-24.375,-26.375,-25.5,-25.625,-24.25,-24,-25.125,-26.75,-25.75,-26.125,-35.75,-36.25,-33.75,-35.25,-35,-33.5,-36,-36.5,-33.5,-38.25,-38.25,-36,-37.25,-37.5,-35.25,-38,-37.75,-35.75,-37.5,-37.25,-35.25,-35.25,-35,-33.75,-36.75,-36.25,-34.75
aid,-28.125,-28.25,-24.75,-26.5,-26.75,-23.125,-27.875,-27.875,-24.25,-28.25,-28.125,-24.375,-26.5,-26.625,-22.625,-28,-28.375,-24.125,-26,-26,-21.625,-23.125,-23.25,-20.125,-25.125,-24.875,-21.25,-32,-33.75,-28.875,-31.375,-32.25,-28.5,-32.25,-33.5,-28.75,-35,-36.5,-30.75,-34,-34.5,-30.625,-34,-35.5,-30.375,-33.75,-35.25,-30.5,-31.625,-32.25,-28.75,-33.25,-34.5,-29.5
allegiant,-31.625,-31.625,-28.875,-32.75,-33,-30.25,-31.5,-32.25,-28.75,-32.25,-32.75,-29.5,-33.5,-33.75,-31.25,-32.5,-32.5,-30.125,-34.5,-34.5,-31.375,-35,-35.5,-32.5,-34.25,-35,-31.625,-34,-33.75,-30.625,-35,-34.75,-33.25,-33,-32.75,-30.625,-37.75,-37.5,-34.75,-38.75,-39.25,-36,-36.25,-36.25,-33.5,-36.5,-37,-34.75,-36,-36.25,-34.25,-35.25,-35.25,-33.75
alliance,-29.625,-29.75,-27.625,-29.75,-29.75,-28.125,-29.75,-29.75,-27.375,-30,-30.25,-27.75,-30.25,-30.5,-28.25,-30.25,-30.5,-27.625,-31.375,-31.375,-29.375,-30.75,-30.75,-30,-31,-30.875,-29,-36,-36.5,-33,-36,-36.25,-33.5,-35.25,-35.5,-31.75,-38.5,-38.25,-35.25,-38.25,-38.5,-36.5,-36.75,-36.75,-33.75,-37.25,-37.75,-34,-36.25,-36.25,-34,-36,-36.5,-33
alliances,-34.5,-35,-30.875,-35.5,-35.5,-32.25,-35.5,-35.75,-31.75,-35.5,-35.5,-31.625,-35.75,-36,-32.75,-35.25,-36,-32.25,-36,-36.5,-32.5,-36.25,-36,-33.75,-36.75,-36.75,-33.25,-38.25,-38.5,-34,-38.5,-38.5,-34.5,-37.75,-37.5,-33.25,-39.25,-39.25,-35.75,-40,-39.75,-36.75,-38,-38.25,-35.25,-39.5,-39,-36.25,-38,-38.25,-35.5,-38.25,-38.5,-34.75
allies,-29.875,-29.25,-27.125,-28.25,-28.25,-26.25,-30.5,-30.5,-27.875,-30.875,-31.125,-27.75,-30,-30.25,-27.375,-31.75,-32.25,-28.75,-30.375,-30.25,-28.5,-29.375,-29.625,-28.125,-31.5,-31.5,-28.875,-39.25,-39,-36.5,-38.25,-38.5,-36.25,-38.5,-38,-35.75,-40.25,-40.25,-38,-40.5,-40.5,-38.25,-39.75,-39.5,-37.25,-39.25,-39,-37.5,-38,-37.75,-36.25,-37.75,-37.75,-36.5
ally,-27.875,-28.125,-24.875,-28,-27.625,-25.25,-29,-29.25,-25.375,-28.75,-29.375,-25.875,-28.125,-29.125,-25.125,-29.5,-29.625,-25.875,-28.625,-28.75,-26.125,-27.75,-28.125,-25.5,-29.25,-29.125,-25.875,-34,-34.75,-30.875,-33.5,-33.75,-30.25,-33.5,-34,-30.375,-36.5,-37,-32.5,-35.75,-36,-32.5,-35.75,-36.25,-31.75,-35,-35.75,-31.75,-34,-34.25,-31.125,-34.5,-34.75,-31.125
altruism,-22.75,-22.125,-21.625,-21.25,-20.375,-20.375,-21.875,-21.25,-19.625,-21.375,-20.75,-18.75,-19.875,-19.5,-18.875,-21.375,-20.625,-18.375,-22.375,-21.625,-19.25,-19.25,-18.5,-18.375,-19.125,-19.375,-17.5,-39.75,-40.75,-37.25,-39.5,-39.25,-36.5,-40,-40.25,-36.75,-42.75,-42.75,-39.75,-41.75,-41.5,-39,-42.25,-42.25,-39.25,-41.5,-42,-38.75,-39.75,-39.75,-37.25,-41.25,-41.25,-38
ambition,-21.875,-21.5,-19.25,-22,-21.875,-20.375,-21.625,-21.5,-19.875,-21.875,-21.875,-19.625,-23.125,-23.125,-20.75,-22.25,-21.875,-20.125,-27.125,-27.25,-24.875,-28.125,-28.5,-25.75,-28.375,-27.875,-25.5,-31.875,-31.875,-29.25,-29.875,-29.625,-27.375,-31.75,-31,-28.25,-33.75,-33.25,-30.875,-31.25,-30.625,-29,-31.875,-31.625,-28.875,-31.5,-30.875,-29.125,-28.75,-28.25,-26,-30.625,-30.125,-27.75
ambitions,-29.125,-29,-26.625,-29,-28.75,-26.375,-28.5,-28.625,-26.625,-28.75,-28.5,-26,-28.75,-29.625,-27,-28.5,-28.5,-26.5,-31.5,-31.875,-28.75,-32.25,-32,-29.5,-31.5,-32,-28.875,-36.5,-36.75,-33.25,-35.75,-35,-32.5,-36.25,-36,-32.75,-38.75,-38.5,-35,-37.25,-37,-34,-37.25,-37.25,-33.75,-37,-36.75,-34,-34.5,-34.25,-32.25,-36,-36,-33
amigo,-26.875,-26.875,-24.75,-27.375,-27.75,-25.875,-27.25,-27.75,-26.5,-28.625,-28.75,-26,-29,-29.375,-27.75,-28.625,-28.75,-27.75,-30.75,-30.875,-28.25,-30.875,-31,-29.125,-31.5,-31.25,-29,-35.5,-36,-33.75,-34.5,-34.75,-33,-35.25,-35.5,-33.5,-38,-39,-35.75,-37.25,-37.75,-35.25,-37.5,-38,-35,-37,-38,-35,-34.75,-35.25,-33.5,-36,-36.25,-34.25
amigos,-23.5,-22.875,-21.125,-23,-23,-21.625,-24.625,-24.75,-22.125,-26,-25.875,-23.625,-26.125,-26.5,-24,-27.25,-27.625,-25.75,-26.75,-26.75,-24.375,-25.75,-26.25,-24.5,-27.75,-28,-25.75,-38.5,-38.75,-35.5,-38.25,-38.75,-35.25,-39,-39,-36.25,-42,-42,-37.75,-41,-41.5,-37.75,-41.5,-41.25,-38,-40,-40,-36.5,-38.5,-38.25,-35.75,-39.5,-39.75,-36.5
aptitude,-30.75,-30.5,-27.875,-30.375,-29.875,-28.375,-30.375,-30.625,-28.25,-30.75,-30.5,-27.75,-30.625,-30.75,-28.875,-31,-30.75,-28.375,-33.5,-33,-30.75,-33,-33,-31.5,-34.25,-33.75,-31.25,-36.75,-37,-33.25,-35.5,-35.75,-33.5,-36.75,-37.25,-34,-40.5,-40.5,-36.75,-39.25,-39.5,-37.5,-39.5,-40.25,-37,-38.75,-39,-36,-36.5,-36.5,-35,-38.5,-38.5,-35.75
buddies,-25.25,-24.625,-23.625,-26.375,-26.25,-25,-27,-27.125,-25.375,-27.875,-28,-25.625,-29.375,-30,-27.5,-30,-30.125,-28.125,-28.5,-28.5,-26.625,-29.75,-29.875,-28.125,-30.625,-30.875,-28.75,-39.25,-39,-36,-39.25,-39.5,-36.25,-39.25,-39.75,-36.75,-43.25,-43,-39,-43.75,-43.5,-39.25,-43.5,-43.5,-39,-40.5,-40.25,-37.5,-40,-40.25,-37,-40.25,-40.25,-37.75
buddy,-25.875,-25.75,-23.75,-27.125,-26.5,-25,-28.75,-28.125,-26,-29.25,-28.75,-26.625,-29.875,-30.375,-27.75,-30.25,-30.375,-28.75,-29.875,-29.75,-27.5,-30.75,-31,-28.625,-32.5,-32.25,-29.75,-34,-35,-31.625,-34,-35.25,-32.25,-34.5,-34.75,-32,-37.25,-39.25,-34,-37.25,-38.75,-34.25,-36.5,-38,-33.75,-36.25,-37.25,-33.5,-34.5,-35.5,-32.75,-35,-35.75,-32.5
capability,-25.75,-25,-23.25,-25.375,-24.625,-24,-24.875,-24.5,-23.125,-24.25,-24.125,-22.375,-24.25,-24.125,-22.75,-23.625,-23.625,-22,-27.875,-27.375,-25.5,-25.875,-25.875,-25.125,-26.875,-26.25,-25,-32.25,-32.5,-30.375,-31.375,-31.25,-29.125,-31.75,-31.875,-29.375,-34.5,-35,-32.25,-33,-32.75,-30.75,-33.25,-33.5,-30.625,-31.125,-31.25,-29.75,-28.25,-27.625,-25.875,-29.875,-29.875,-27.625
capabilities,-30,-29.625,-27.5,-29.25,-29.25,-27.5,-28.625,-28.375,-26.75,-28.625,-28.375,-27,-28.125,-28.375,-26.75,-27.625,-27.875,-25.75,-31.25,-31.25,-29.625,-30.375,-30.125,-28.75,-30.25,-29.625,-28.5,-35,-35.5,-32.75,-33.5,-34,-31.75,-35,-35,-32.25,-37.5,-37.5,-34.75,-36,-36.5,-34,-36.25,-36.25,-33.75,-36.25,-36,-33.25,-34,-34.25,-32,-35.25,-34.75,-32.25
care,-22.375,-22.625,-18.25,-21,-21.625,-18,-24.75,-26.125,-20.25,-24.25,-24.25,-19.75,-23,-23.5,-19.75,-25,-25.375,-21.25,-20.875,-21,-17.125,-19,-19,-16.25,-22.5,-23,-17.875,-26,-26.375,-23.625,-24.25,-24.5,-21.875,-25.875,-26,-23,-29.625,-29.25,-26.75,-27.125,-27,-24.625,-29,-29,-25.875,-26.5,-26.375,-23.875,-22.5,-22.625,-21.125,-26.25,-26.25,-23.125
ceremony,-33,-33.5,-30.625,-33.75,-34.25,-31.75,-33.5,-33.75,-31.375,-34.5,-34.75,-31.75,-35,-35.75,-32.75,-34.5,-35,-32.5,-35.5,-36,-33.75,-36.75,-37,-35,-36.75,-36.75,-34.5,-38.5,-38.75,-35.5,-38.5,-38.5,-36.5,-39,-39,-36.25,-42.25,-42.25,-39.25,-42.25,-42.75,-40.5,-42.25,-42.5,-39.25,-40,-40,-37.25,-39,-39,-37.5,-39.75,-40,-37.5
ceremonies,-35.5,-35.5,-32.25,-36.25,-36.25,-33.25,-36,-36.25,-33.25,-36.75,-37.25,-33.25,-37.5,-38.5,-34,-37.5,-37.75,-34.25,-38.25,-38.25,-35.25,-38.75,-39,-35.75,-39.25,-39.75,-36.5,-40.75,-41,-37.75,-40.75,-40.75,-38.25,-40.75,-41.25,-38,-44,-44.5,-40.75,-44.25,-44.25,-41.5,-43.75,-43.75,-40.75,-42.25,-42.75,-39.75,-41.25,-41.25,-39.5,-42.25,-42.5,-39.25
charity,-23.375,-22.625,-20.75,-21.75,-21.125,-19.5,-22.25,-22,-20.125,-22.5,-21.75,-19.625,-20.25,-19.5,-18.5,-21.5,-21.125,-19.125,-22,-21.375,-19.75,-19.125,-18.375,-18.25,-19.75,-19.625,-18.25,-36.75,-37.25,-33.5,-36.75,-36.75,-33.5,-37.25,-37.75,-34.25,-39.75,-39.5,-36.5,-39.25,-38.5,-36.5,-39.75,-39.5,-37,-38.25,-38,-34.75,-36.5,-36.5,-33.75,-38.5,-38,-35.5
charities,-33,-32.75,-29.375,-32.75,-32.75,-29.125,-32.5,-32.5,-28.75,-32.75,-32.5,-28.5,-32.75,-32,-28.625,-32.5,-32.75,-28.625,-31.25,-31.25,-27.875,-30.625,-30.625,-27.375,-30.625,-30.75,-26.875,-40.25,-40.25,-37,-40.25,-40.75,-37.25,-40.75,-40.75,-37.5,-42,-41.75,-39.5,-41.75,-41.5,-39.75,-42,-41.5,-39.5,-41.75,-42,-39.5,-40.25,-40.5,-38,-41.5,-41.5,-39.25
chat,-24.25,-24.5,-21.375,-25.75,-26,-24,-25.375,-25.875,-23.125,-26.625,-27.625,-24.375,-29,-30.125,-27.375,-28.375,-29.125,-26.375,-30.125,-30.5,-27.625,-32.25,-32.75,-29.625,-32.75,-33.25,-29.75,-32.5,-33,-28.875,-32.25,-32.5,-28.875,-33,-33,-29.375,-37.25,-37.25,-33,-36.25,-37.25,-33.25,-37.25,-37,-33,-35.5,-35.75,-31.75,-34,-34.5,-31.5,-35.25,-35.5,-32
chats,-24.5,-25.5,-22.625,-26.25,-27,-24.75,-26.625,-27.25,-24.25,-28.125,-29,-25.75,-30.25,-31.375,-28,-29.875,-30.5,-27.5,-30.5,-31.5,-27.25,-32.5,-33.25,-29.625,-33.5,-34,-29.625,-33.5,-34.25,-29.375,-32.75,-33.5,-29.375,-33.75,-34.5,-30.125,-37.75,-38,-33,-36.25,-37,-33,-37,-37.75,-32.75,-36,-36.75,-31.875,-34.25,-34.5,-31.375,-36,-36.5,-32
choice,-20.875,-20.125,-20.125,-20,-19.75,-20.25,-19.625,-19.375,-19.75,-19.75,-19.375,-19.875,-19.5,-18.25,-20,-19.75,-19.125,-20,-24.25,-23.375,-23.375,-23,-22,-23.5,-22.625,-21.5,-22,-26.875,-27.375,-23.875,-27,-27,-24.625,-26.25,-26.5,-22.875,-29.375,-30,-26.125,-30,-30.125,-27,-28.375,-28.625,-24.625,-26.875,-26.875,-23.375,-25.25,-25,-23,-26,-26.25,-22.375
choices,-22.125,-21.75,-20.375,-22.25,-21.875,-21.625,-22.25,-22.25,-20.875,-22.5,-21.875,-21.5,-23,-22.875,-22.25,-23.25,-22.625,-21.875,-24.125,-23.75,-23.625,-24.875,-25.625,-23.5,-24.375,-24,-23.875,-27.125,-27.75,-23.625,-27.625,-27.625,-25,-26.125,-26.125,-23.125,-28.625,-29.125,-25.625,-29.375,-29.375,-26.75,-27.5,-27.625,-24.625,-25.875,-26.25,-24.5,-24.25,-25,-23.25,-25.875,-25.125,-24
civility,-25.875,-25.25,-23.5,-24.875,-24.5,-24,-25.125,-24.875,-23.5,-26.25,-25.625,-24.25,-26,-25.625,-24.75,-26.125,-25.625,-24.125,-27.75,-27.125,-25.125,-26.25,-25.625,-25,-27.25,-26.625,-25.125,-38,-38.75,-34.25,-37.75,-38.25,-35,-38,-38.25,-34.75,-39.5,-40,-35.5,-40.25,-40.75,-37,-39.5,-39.75,-35.75,-39.5,-40.5,-36,-38.5,-39,-36.25,-38.75,-39.25,-36.25
civilian,-33,-33.75,-29.875,-33.25,-33.75,-30.25,-33.5,-33.75,-30.125,-34,-34.75,-31,-34.25,-34.5,-31.375,-34,-34.75,-31,-35.5,-35.75,-31.625,-34.5,-35,-31.75,-35.5,-35.75,-31.375,-35,-34.75,-31.625,-34.25,-34.25,-30.875,-34.5,-34.5,-30.625,-36,-36.25,-33,-35.5,-35.75,-32.75,-35.25,-35.25,-31.625,-34.5,-34.5,-31.375,-33,-33.25,-30,-33.25,-34,-30
civilians,-34.75,-35.5,-31.375,-35,-35.25,-31.125,-34.75,-34.75,-31.25,-35,-35.75,-31.5,-35.25,-35.25,-31.625,-34.75,-35.25,-31.25,-36.5,-36.25,-32.25,-35.25,-36,-31.625,-35.75,-36,-32,-35,-34.75,-32,-34.5,-34.5,-31.75,-34.25,-34.25,-31.375,-35.5,-35.75,-32.75,-35.75,-35.75,-33,-34.5,-35,-31.875,-34,-35,-31.75,-33.5,-33.75,-30.875,-33.75,-34,-30.75
cleverness,-24.25,-24,-22.75,-24.75,-24.875,-24.125,-24.125,-24,-23,-25.375,-25.375,-23.125,-26.875,-27.5,-25.5,-25.875,-25.875,-24.375,-28.75,-29.25,-26.875,-29.375,-29.625,-28.125,-29.5,-29.75,-27.625,-36.25,-36,-33.5,-35.5,-35.25,-33,-36.25,-35.75,-33.25,-38.75,-38.75,-36,-37.75,-36.75,-35.25,-37.5,-37.25,-35.25,-36.75,-36.5,-35,-34.25,-34,-33,-36.25,-35.75,-33.75
closeness,-18.375,-17.625,-17.125,-18.125,-17,-17.75,-19.875,-19.375,-18.125,-20.75,-20.625,-19.25,-21,-20.5,-19.5,-22.5,-22.375,-20.75,-20.25,-19.75,-19.25,-20,-19.25,-20.125,-20.625,-20.5,-20,-34.5,-34,-31,-33,-33.25,-30.25,-34.5,-34.25,-31.5,-36.5,-36.5,-34.25,-35.25,-35.75,-33.25,-36.5,-36.25,-34.25,-34.5,-34,-32.25,-32.75,-32.5,-30.375,-34.25,-34.25,-31.875
collaboration,-23.5,-22.875,-21.375,-22.5,-22.25,-21.75,-22.75,-22.5,-21.25,-23,-23.125,-20.875,-22.5,-23,-21.5,-22.125,-22.25,-20.75,-25.25,-25.125,-23.625,-23.625,-23.625,-23.375,-24.5,-24.5,-23.5,-36.5,-36.75,-32.25,-37.25,-37.5,-34.5,-37,-37.25,-33.75,-40,-40.5,-37,-40.5,-40.75,-38,-39.5,-40,-37,-38,-38.75,-34.5,-37.5,-37.5,-35,-37.5,-38.25,-34.75
colleague,-36.25,-36.75,-33,-36.5,-36.5,-33.25,-36.5,-36.75,-33.75,-36.75,-37.5,-33.75,-37,-37.25,-34.75,-37,-37.5,-34.25,-38.25,-39,-35,-38.25,-38.25,-35.5,-38.25,-38.25,-35.25,-38.25,-38.5,-34.25,-37.75,-37.75,-34.25,-38.75,-38.75,-35.5,-42,-42,-38.5,-41.5,-41.25,-38.75,-41.25,-41.25,-38.75,-39.75,-39.25,-36.75,-38.75,-38,-35.25,-39.75,-39.75,-37.25
colleagues,-36,-36,-32.75,-35.5,-35.5,-33,-36.25,-36.25,-33.5,-36.25,-37,-33.5,-36.75,-37,-34.25,-37.25,-37.25,-34.25,-37.5,-38.25,-34.75,-37.25,-38,-35,-37.75,-38.5,-35.25,-36.75,-36.75,-33.25,-36.75,-37,-33.25,-37.75,-37.75,-34.25,-40.25,-39.75,-36.75,-39.75,-39.5,-37,-40.5,-40.75,-37.5,-37.25,-37,-34.75,-36.5,-36.25,-33.5,-37.75,-37.75,-34.75
collectivity,-25.875,-25.5,-24.375,-25.375,-25.375,-24.625,-25.5,-25.5,-24.375,-25.5,-25.5,-24,-25.875,-26,-24.875,-25.5,-25.625,-24.25,-26.75,-27.25,-25.125,-26,-25.75,-24.75,-26.375,-26.5,-25.25,-34,-34,-31.25,-33.25,-33.75,-31,-33.25,-33.75,-30.625,-35.75,-35.5,-32.75,-35.25,-35,-33.25,-34.5,-34.75,-31.75,-35,-34.75,-31.625,-33.5,-33.25,-31.375,-33.25,-34,-30.625
common good,-25.75,-25.5,-25.125,-23.375,-22.75,-23.25,-25,-24.875,-23.75,-24.75,-24.25,-23.625,-21.875,-21.25,-22.375,-24.375,-24.625,-23.375,-22.375,-22.125,-21.5,-20.125,-19.625,-21,-20.75,-20.5,-21,-38.25,-38.25,-35,-37.25,-37.5,-35.75,-38.25,-38.5,-35.75,-39.5,-39.5,-36.5,-38.25,-39,-36.25,-38.75,-39.5,-36.75,-39,-39.25,-36.75,-38,-37.75,-36,-38.75,-39,-36.25
common ground,-29.75,-29.625,-29,-28.625,-28.5,-28.75,-29.375,-29.25,-28.5,-29.875,-29.875,-28.375,-28.75,-28.375,-27.875,-29.75,-29.75,-28.5,-30.375,-30.75,-29,-29,-28.125,-28.25,-29.5,-29.625,-28.125,-37.25,-37.5,-34.5,-37.25,-37.5,-35.25,-36,-36.25,-34.25,-38.75,-38.75,-36,-39.5,-40,-37.75,-37.5,-37.75,-35.75,-37.75,-38.5,-35.75,-37.25,-37.5,-36,-36.5,-37,-35
communication,-18.75,-18.125,-18.75,-18.75,-18,-19.625,-18.25,-17.875,-18.625,-18.75,-18.875,-18.125,-19.25,-19.625,-20.125,-17.625,-17.5,-17.75,-22.25,-21.625,-21.375,-21.75,-21.375,-22.25,-21.75,-21.25,-21.625,-32.25,-32,-28.5,-30.25,-30,-28,-32.75,-32.75,-29.125,-34.75,-34.75,-32,-32,-32.25,-31.125,-34.25,-34.25,-31.625,-33.5,-33.5,-30.75,-30.125,-30.25,-28.25,-33.25,-33.25,-30.375
communications,-25.875,-26.25,-24.75,-25.75,-25.875,-24.75,-25.125,-25,-23.875,-25.25,-25.625,-24.25,-25.5,-26,-24.875,-23.875,-24.25,-23.125,-28.25,-28.25,-26.75,-27.375,-27.75,-25.875,-27,-27,-25.125,-33.5,-33.75,-30.25,-32,-32.25,-29.625,-34.25,-34,-30.875,-36.25,-36,-33.25,-34.25,-34.5,-32.75,-35.75,-36,-33,-35,-35.25,-32.25,-32.5,-33,-30.75,-34.75,-35,-32
companion,-19.625,-19.75,-17,-18,-17.5,-15.9375,-20.375,-20.375,-17.75,-22.125,-22.5,-19,-21.625,-21.625,-19.5,-23.875,-24.125,-21.125,-22.375,-22.5,-20,-21.375,-21.875,-20.25,-24.125,-24.375,-21.625,-37.5,-37.5,-33.5,-36,-36.5,-32.5,-37.25,-37.25,-33.5,-40.25,-40.25,-36.25,-38.75,-39.25,-35.75,-39.25,-39.75,-36.25,-38.25,-38.25,-34.5,-35.75,-35.75,-32.75,-38,-37.75,-34.25
companions,-20.625,-20.75,-19.5,-19.25,-19.125,-18.875,-21.25,-21.375,-19.375,-22.625,-23,-21.125,-22.875,-22.75,-21.75,-24.5,-24.625,-22.625,-22.5,-22.25,-21.25,-22.5,-21.875,-21.5,-23.5,-23.25,-22.5,-36.75,-36.75,-33,-35.5,-35.25,-32.75,-37,-37,-33.25,-39,-38.75,-35.5,-38.25,-38.5,-36.25,-38.75,-38.5,-36.25,-37.75,-37.75,-34.75,-35.25,-35,-33.25,-37.75,-37.25,-34.5
compassion,-13.3125,-12.125,-12.1875,-11.1875,-10.25,-10.8125,-13.3125,-12.25,-11.5625,-13.5,-12.4375,-11.875,-10.9375,-9.8125,-11.1875,-12.875,-12.6875,-12.125,-12.6875,-11.5625,-11.125,-9.125,-7.90625,-9.9375,-11.375,-10.125,-10.0625,-37.75,-37.75,-35,-36.75,-36.5,-34.25,-37.5,-37.5,-34.75,-39.75,-40,-37.5,-39,-38.75,-37,-39.5,-39.5,-36.75,-37.25,-36.75,-35,-35,-34.75,-33.5,-37,-36.75,-34.25
competition,-28.375,-28.375,-25.75,-27.875,-28,-26.625,-27.875,-28.125,-26.125,-28.5,-28.75,-25.875,-28.625,-28.75,-27,-27.625,-27.625,-25.875,-32.75,-32.75,-30.375,-32.75,-32.5,-30.75,-32.75,-33.25,-30.875,-30.25,-31,-27.875,-29,-29.125,-26.25,-31.125,-31.5,-28.25,-33.25,-32.5,-30.25,-31.25,-31.125,-29,-32.5,-32.75,-30,-32.75,-32.75,-29.625,-29.875,-30,-27.5,-33.5,-33.5,-29.625
completion,-25.75,-25.375,-24.75,-26.375,-25.625,-25.375,-24.875,-24.75,-23.875,-24.875,-24.875,-23.375,-25.25,-25.5,-24.625,-24.75,-25.125,-24.375,-26.375,-26.125,-25.375,-27.125,-26.875,-26.625,-26.25,-26.25,-25.625,-31,-30.625,-29.625,-30.625,-30.5,-29.625,-31.25,-30.75,-29.375,-34.25,-34.25,-33,-34.25,-34,-33,-33.75,-33.75,-32.25,-31.75,-31.375,-31.125,-31.125,-31.125,-30.375,-32,-31.5,-30.125
compromise,-27.875,-28,-24.875,-26.875,-26.625,-25,-28.125,-27.625,-25.5,-28.75,-28.75,-25.625,-27.5,-27.375,-25.25,-28.25,-28.125,-25.875,-28.625,-28.75,-25.75,-27.625,-27.625,-25.625,-28.125,-28.25,-25.75,-30.5,-30.625,-26.625,-30.125,-30.375,-26.625,-32,-31.625,-27.875,-34.25,-33.5,-30.25,-33.75,-33.5,-30.5,-34.25,-34,-30.375,-32.75,-32.5,-28.875,-30.625,-30.875,-28,-33.25,-33,-29.25
compromises,-33.25,-33.5,-30.625,-32.25,-32.25,-29.625,-34,-33.75,-30.625,-33.75,-34,-30.625,-32.25,-32,-29.625,-33.75,-33.25,-30.625,-34.25,-34,-30.875,-33.25,-33,-29.875,-34.25,-34,-31,-32,-32,-28,-31.375,-31.125,-27.75,-32.75,-33,-28.625,-35,-34.75,-31,-34.5,-34,-31.375,-35.25,-34.75,-31.25,-34,-33.75,-30.25,-31.875,-31.625,-29.125,-34.25,-34,-30.5
concert,-24.625,-25.5,-22.5,-27.875,-27.875,-25.5,-26.625,-27.125,-24.375,-28.75,-29.125,-25.625,-31.125,-31.375,-29.375,-29.875,-29.875,-27.625,-30.625,-31,-28.25,-33.5,-33.75,-31.75,-33.25,-33.25,-31.25,-37,-37.25,-34.25,-37.5,-37,-34.5,-37,-37,-34,-40.5,-40.5,-37,-40.75,-40.25,-38.25,-39.5,-39.75,-37.25,-38.75,-38.5,-35.25,-37.5,-37.5,-35.25,-37.75,-37.75,-34.75
concerts,-28.75,-28.875,-26,-31.125,-31.125,-29,-30,-29.75,-27.75,-32.25,-32.25,-29,-34.75,-35.25,-32.25,-32.75,-33.5,-30.75,-33.5,-34,-31.125,-36.25,-36.25,-33.75,-35.5,-35.25,-33.5,-41,-41.25,-38.25,-42,-41.5,-39,-41.75,-41.75,-38.75,-44,-44,-40.5,-44.75,-43.75,-42,-43.5,-43.25,-41.25,-42.75,-42.75,-39.75,-41.5,-41.25,-39.5,-42.25,-42.25,-39.75
conference,-32.25,-32.75,-29.5,-33,-33.75,-30.375,-33,-33.5,-30.5,-34.25,-34.25,-30.375,-34.5,-34.75,-31.625,-34,-34.25,-31.75,-36.25,-37,-33,-36.5,-36.75,-34,-36.75,-37.25,-33.5,-33,-33.25,-29.25,-33.5,-33.25,-29.75,-33.75,-33.75,-30.25,-37.75,-37.5,-34.5,-38,-38,-35.25,-38.75,-38.25,-35,-34.75,-35,-31.375,-33.5,-33.75,-31.375,-34.75,-35,-31.75
conferences,-35.75,-35.75,-32.5,-36.5,-36.5,-33.75,-36.75,-36.75,-33.5,-37.25,-37.5,-33.75,-37.5,-37.75,-35,-37.75,-38.25,-34.75,-39.75,-40,-36,-39.5,-39.75,-37,-40.75,-40.5,-37.25,-37.75,-38.25,-33.75,-37.5,-38,-34.5,-37.75,-38.25,-35,-41.75,-41.25,-38.25,-41.5,-41.25,-39.5,-42,-41.5,-39.25,-39,-39,-36,-37.5,-37.5,-35.5,-38.75,-39,-36.25
confidence,-21.25,-21,-19,-21.5,-21.25,-20.375,-22.75,-23,-20.375,-23.375,-23.375,-20.375,-23.875,-23.75,-22.125,-24.375,-23.75,-21.875,-24.125,-24.25,-22.125,-24.875,-24.75,-23.375,-26,-25.75,-23.625,-35.5,-35.5,-33,-34.75,-35,-32.75,-35.5,-35.25,-32.75,-37.75,-37.75,-35.5,-37,-36.5,-34.75,-37.25,-37,-34.75,-36.75,-36.5,-34,-35,-35,-32.75,-35.5,-35.25,-33
consideration,-24.75,-25,-24.125,-23.375,-22.875,-22.75,-24.25,-23.875,-23.625,-24.5,-24.125,-23,-22.125,-21.5,-22.25,-23.875,-23.5,-22.5,-24,-23.875,-22.375,-20.875,-20.625,-20.875,-22.5,-22.125,-21.375,-34.5,-35.25,-31,-34.25,-34.25,-31.375,-34,-34.25,-30.625,-37,-37.75,-33.5,-36.5,-37,-33.5,-36,-36.5,-32.75,-35.75,-36,-32.75,-34,-34.5,-32.25,-34.25,-34.5,-31.5
contest,-27.625,-27.5,-25.375,-28.125,-28.125,-26.75,-26,-26.375,-25.5,-27.875,-27.625,-26.375,-28.625,-28.625,-27.375,-26.125,-25.875,-25.375,-31.125,-31,-28.5,-31.125,-31,-29.625,-30.25,-29.625,-28.5,-30.5,-30.375,-28.25,-29.875,-29.5,-28.25,-29.75,-29.375,-26.5,-33,-33,-30.375,-33.75,-33.75,-30.875,-32.75,-32.5,-29,-31.625,-31.875,-29.75,-31,-30.625,-29.125,-31.125,-31.625,-28.375
contests,-30.625,-31.5,-29,-31.625,-31.75,-30,-30.875,-30.75,-29.375,-32,-32.5,-29.875,-33,-32.75,-30.75,-30.875,-30.75,-30,-34.75,-35,-32.5,-35.5,-35.5,-33.5,-34.75,-34.5,-32.5,-35.5,-35.75,-31.75,-34.25,-34.75,-31.375,-34.5,-34.75,-31.125,-38.25,-38.75,-35.5,-37.75,-37.75,-34.75,-37,-37,-34.25,-37.25,-37.25,-33.5,-35,-35,-32.5,-36,-35.75,-32.75
contribution,-27.5,-27.25,-26.375,-25.5,-25.25,-23.75,-27.125,-27,-25.125,-27.5,-27.375,-25.5,-25.625,-25.625,-23.625,-27.375,-27.125,-24.5,-27.5,-27.5,-25.25,-25,-25.125,-23.625,-26.875,-27,-24.375,-35,-36,-32.5,-35.75,-36,-33.25,-35.75,-36,-33.5,-38,-39,-35,-38.5,-39.5,-35.5,-37.5,-38.75,-34.75,-37.25,-38.5,-34.5,-37,-37.25,-35,-37,-37.25,-34.75
contributions,-30.375,-30.25,-28.125,-30.5,-30,-28.75,-30.5,-30.5,-28.5,-31,-31.125,-28.5,-30.375,-30,-28.5,-30.625,-30.625,-28.125,-32,-32,-29.5,-30.125,-30,-28.75,-30.875,-30.5,-28.625,-35.5,-36,-32.5,-35.5,-35.75,-33.25,-36.75,-37.25,-33.75,-37.75,-38.75,-35.25,-38.75,-39,-35.5,-38.5,-39.25,-35.5,-37,-38,-34.25,-36.5,-36.75,-34.25,-37.25,-38.25,-34.75
conversation,-17.25,-17.75,-17.75,-18.5,-18.5,-19.125,-17.75,-17.875,-18.375,-19,-19.625,-19.25,-21.375,-22,-21.625,-19,-19.375,-19.375,-22.75,-22.875,-22.75,-24,-23.875,-24,-24.625,-24.375,-23.875,-32.5,-33,-29,-33,-33.25,-29.375,-33,-33.25,-29.25,-36,-36.25,-32,-36.25,-36.75,-33.5,-35.75,-35.75,-32.25,-35,-35.5,-31.375,-33.75,-34.25,-31.25,-34.5,-34.75,-31
conversations,-19.625,-19.25,-19.75,-20.5,-20.25,-21,-19.375,-19.375,-20.375,-20.25,-21,-20.5,-22.75,-22.5,-22.875,-20.75,-20.75,-21.5,-24.25,-24.125,-24.375,-24.75,-25.25,-25.5,-25.75,-25.5,-25.625,-33.75,-33.75,-29.875,-33,-33.5,-30,-33.75,-33.75,-29.75,-36.75,-36.75,-33.5,-36.25,-36.5,-33.5,-36.25,-36.25,-33,-35.5,-35.5,-32,-34,-33.75,-31.625,-35,-34.75,-31.25
cooperation,-22.25,-21.875,-20.125,-20.375,-19.75,-19.125,-20.125,-20,-19,-20.875,-20.625,-19.125,-20.25,-19.875,-18.875,-19.625,-19.25,-18.125,-21.25,-20.625,-20,-18.5,-17.875,-18.625,-18.875,-18.125,-18.125,-38,-38.5,-34.75,-37.75,-37.75,-34,-39,-38.75,-35,-41.75,-41.25,-38,-40.25,-40.5,-37.25,-40.75,-40.5,-37.75,-39.5,-39.5,-36.25,-37.75,-37.75,-34.75,-39,-39,-35.75
counsel,-31.5,-31,-28.625,-30.875,-30.125,-28.5,-31.125,-29.875,-28.5,-31.5,-31,-28.25,-30.5,-29.625,-27.875,-30.625,-29.75,-27.5,-32.25,-31.875,-29.875,-32,-31.625,-29.875,-31.375,-31.125,-29.625,-37,-38,-33.5,-36.25,-36.5,-33.5,-37.25,-37.5,-33.5,-39.75,-40,-35.25,-39,-38.75,-35.75,-39,-39.25,-35.25,-38.5,-38.5,-35,-36.75,-36.75,-34.25,-38,-38,-35
crew,-28.125,-28.625,-25.875,-30.125,-30.125,-27.5,-30,-30.25,-27.5,-30.25,-30.5,-26.625,-31.375,-31.75,-28.625,-31.25,-31.75,-28.5,-32.5,-33,-30.25,-33.5,-34,-31.375,-34.5,-34.5,-31.25,-35.25,-35.75,-32.25,-35.25,-35.5,-32,-35.75,-35.75,-32.25,-39,-39.25,-35,-38.75,-39,-35.25,-38.5,-38.5,-34.75,-37,-37.25,-33.5,-35.25,-35.75,-32.75,-36.75,-37,-33.5
decision,-27,-27.5,-26,-27.75,-28,-27.125,-26.375,-27,-25.375,-27.5,-27.75,-25.875,-28.5,-28.25,-27.5,-26.5,-26.375,-25.375,-30.375,-30.375,-28.75,-30.75,-31.125,-29.625,-29.875,-29.875,-28.5,-27.75,-28.25,-24.875,-27.75,-28.25,-25.25,-27.25,-27.5,-24,-29.5,-30.625,-26.75,-31.125,-31.375,-28.625,-28.875,-29.375,-25.5,-29.75,-29.625,-26.125,-27.75,-27.875,-26,-28.5,-28.5,-25.125
decisions,-29.625,-30.375,-28.75,-31.125,-30.625,-30.25,-29.875,-29.625,-28.625,-30.875,-31,-29.125,-31.375,-31.75,-30.625,-29.5,-29.625,-28.75,-33.5,-33.25,-31.75,-33.5,-33.25,-31.875,-33.5,-33,-31.125,-29.375,-29.5,-26.375,-28.75,-29.125,-26.5,-29.125,-29.5,-26.375,-30.75,-30.5,-28.125,-31.5,-31.5,-29,-29.75,-30.125,-26.875,-30.375,-30.625,-27.375,-28.875,-28.5,-27,-29.75,-29.375,-26.875
defeat,-31.75,-31.625,-28.875,-33,-32.75,-30.375,-31.75,-31.75,-29.125,-31.5,-31.375,-28.625,-33,-32.5,-30.25,-30.5,-30.125,-28.5,-35.25,-35,-32.5,-36,-35.5,-33.75,-35.5,-35,-32.75,-21.875,-21.875,-19.375,-22.125,-22.375,-20,-23,-22.75,-20.5,-26.5,-26.75,-23.75,-26.625,-25.875,-23.75,-26.5,-26.375,-23.625,-24.625,-24.125,-22,-22.875,-22.625,-20.875,-24.75,-24.375,-22
democracy,-28.25,-28,-25.25,-28.375,-28.125,-25.875,-27,-26.375,-25.125,-27.25,-27.5,-24.75,-27.75,-28.25,-26,-26.25,-26,-24.5,-29.75,-29.25,-27,-28.875,-28.75,-27.875,-28.875,-28.625,-27,-36,-36.25,-33.5,-36,-36.25,-33.25,-36,-36,-33.25,-38.25,-38,-35.25,-37.25,-37.25,-34.75,-37,-37.25,-34.5,-37.25,-37.75,-35,-36.25,-36.25,-33.5,-36.75,-36.75,-34
democrat,-35.25,-35,-31.875,-35.25,-35.5,-32.5,-35,-35.5,-32.5,-35.25,-35.75,-32.25,-35,-35.25,-33.25,-34.25,-35,-32.75,-37.75,-37.75,-34.25,-37.25,-37.25,-34.25,-37.75,-37.75,-34.75,-37.5,-37.5,-35.5,-37.5,-37.75,-35.5,-37.5,-38,-36,-39.5,-39.25,-37,-38.75,-39.25,-37,-38.75,-39,-37.25,-39.25,-39,-37,-38.5,-38.25,-36.25,-39,-39,-37
democrats,-36.5,-36.75,-33,-36.75,-37.25,-33.5,-37,-37.25,-33.5,-37.25,-37.75,-33.75,-37.75,-37.75,-34.5,-37.5,-38.25,-34.5,-38.5,-39,-35.25,-38.5,-39,-36,-38.75,-39.25,-36,-38,-38,-36,-37.75,-38.25,-35.75,-38.5,-38.25,-36.25,-39.5,-39.25,-37,-38.75,-39.5,-37.5,-39.25,-39.25,-37.5,-39.75,-39.5,-37.5,-38.25,-38.75,-36.5,-39.5,-39.75,-37.5
determination,-22.625,-22.5,-19.625,-22.375,-21.875,-20.125,-21.625,-21.125,-18.75,-21,-20.875,-18.625,-20.625,-20.375,-18.75,-19.375,-19.375,-18,-25.5,-25.25,-22.875,-24.625,-23.875,-23.125,-24.875,-24.25,-22.5,-35.5,-35.75,-32.25,-34.75,-34.75,-31.75,-35.75,-35.25,-32.75,-38,-38,-35.25,-36.25,-36,-34,-37,-36.5,-34.25,-35.25,-35,-32.75,-33.25,-32.5,-31,-34.75,-34.5,-32
dialogue,-21.75,-21.75,-21.875,-22.25,-21.625,-22.75,-20.875,-20.625,-21.25,-22.25,-21.625,-22.125,-24,-24,-24.125,-21.625,-21.25,-21.125,-25.625,-24.375,-24.875,-25.25,-25,-25.25,-24.875,-24.5,-25.125,-32.75,-32.75,-29,-32.75,-32.5,-29.5,-33,-33.5,-29.625,-35.5,-35.5,-32,-35.25,-35.5,-32,-35.5,-35,-31.625,-33.75,-33.25,-30.25,-32.5,-32,-29.625,-32.75,-32.75,-30
dialogues,-25.625,-25.375,-25.375,-26.75,-26.875,-26,-24.875,-25.125,-25.25,-26.875,-26.75,-25.25,-28.375,-29,-27.375,-26.375,-26.25,-25.875,-29,-29.125,-28.625,-29.75,-29.375,-29,-29.75,-29.625,-29.125,-34,-34.25,-30.75,-33.5,-33.75,-31,-34.25,-34.5,-30.75,-36.75,-36.75,-33.25,-36.25,-36.5,-33,-36.5,-36.5,-33,-35.75,-35.75,-32.5,-33.75,-34.25,-30.875,-35.25,-35.75,-31.875
discussion,-24.75,-24.625,-24.125,-24.875,-24.875,-24.5,-24,-24,-24,-25.125,-25.5,-25,-26.75,-27.375,-25.875,-24.75,-24.875,-24.875,-29.25,-29.375,-29,-29.75,-29.875,-29,-28.875,-29.5,-28.625,-31.875,-32.25,-28.625,-31.5,-31.625,-28.375,-31.625,-31.625,-27.625,-34.75,-34.5,-31.75,-34.25,-34.75,-32.25,-33.25,-33.75,-30.25,-33.5,-34,-31,-32.5,-32.75,-30.375,-32,-32.5,-29.625
eagerness,-26.75,-25.875,-23.875,-25.875,-25,-24.5,-26.75,-25.875,-24.5,-27.375,-26.875,-24.75,-27.25,-26.75,-25.875,-27.75,-27.125,-25.625,-29.5,-28.75,-27.25,-28.875,-28,-27.625,-29.875,-29,-27.625,-36.75,-37,-33.25,-35,-34.75,-32.25,-36.5,-36.5,-33,-39.5,-39.25,-35.5,-36.75,-36.5,-33.75,-38.5,-38,-34.25,-37.5,-37.25,-34,-34,-33.5,-31.5,-36.5,-36,-33.25
easiness,-27.75,-26.875,-24.875,-28.5,-28.25,-26.25,-28.875,-28.875,-25.75,-30.125,-30.125,-26.75,-31.125,-31.25,-28.875,-30.75,-30.875,-28.125,-30.125,-30.75,-27.625,-31.5,-31.25,-29.5,-31.875,-31.625,-28.75,-37,-37.25,-33.25,-35.5,-35.25,-32.75,-36.75,-36.5,-33.25,-38.5,-38.5,-34.5,-36.25,-36.25,-33.75,-37.25,-37.25,-34.25,-37.75,-37.5,-34.5,-35.5,-35,-32.75,-37.5,-37,-34
education,-21.75,-21,-20.875,-21.25,-20.625,-20.25,-21.125,-21,-21,-21.25,-20.75,-19.625,-20.75,-20.5,-19.75,-20.125,-20,-20.25,-22.375,-22.125,-22.25,-21.125,-20.875,-21.875,-22.25,-21.5,-22.25,-37.5,-38,-34.25,-37.5,-37.5,-34.25,-38.5,-38.5,-35,-40.75,-40.75,-37.75,-40,-40.25,-37.25,-40.75,-40.75,-38,-39,-38.75,-35.75,-37.75,-37.75,-34.5,-39,-39.25,-36.25
effort,-26.75,-26.125,-23.875,-26.375,-25.5,-23.375,-25.25,-24.5,-22.625,-25,-24.5,-22.5,-25.5,-24.5,-22.625,-23.25,-22.75,-21.125,-27.5,-26.625,-24.875,-26.25,-25.5,-24.5,-26.625,-25.875,-23.875,-32,-32.25,-28,-31.25,-31.25,-27.875,-32.75,-33,-28.75,-35.75,-35.75,-32.5,-35.75,-35.75,-32.5,-35.75,-35.75,-32.5,-33,-33.5,-30.25,-31.375,-31.875,-29.5,-32.75,-32.75,-29.75
efforts,-27.375,-27.625,-24.25,-26.5,-26.25,-23.125,-26.25,-26.375,-23.25,-27,-26.75,-23.875,-26.375,-25.875,-23.75,-25.625,-25.25,-22.75,-28.25,-28.25,-25.375,-26.375,-25.875,-24.125,-27.25,-27,-24,-33.75,-34.25,-30.5,-32.75,-33,-30.125,-33,-33.75,-30.5,-36,-36.25,-33.25,-35.25,-35.25,-33,-35.25,-35.5,-32.5,-34.25,-34.5,-32.25,-32,-31.875,-30.25,-33.5,-33.5,-31
empathy,-18,-16.25,-17,-15.3125,-13.875,-14.9375,-16.5,-15.1875,-15.3125,-16.625,-15.375,-14.8125,-14,-12.875,-13.8125,-15.6875,-14.625,-14.625,-16.625,-15.3125,-15.5,-13.3125,-11.25,-13.5625,-15.1875,-13.8125,-13.6875,-34.25,-34.25,-30.375,-34.5,-34.25,-31.625,-35,-35,-32,-37.75,-37.75,-34,-37.75,-37.25,-35,-37.75,-37.75,-35,-34.5,-34,-30.25,-33.25,-32.75,-30.5,-34.5,-34.5,-31.625
endeavor,-26.75,-26.125,-25.125,-26.375,-25.75,-24.875,-25.125,-24.25,-23.625,-24.625,-24,-23.125,-25.25,-24.5,-23.75,-23.25,-22.125,-22.375,-29.5,-28.5,-27.625,-29.25,-28.5,-27.75,-29.125,-28,-26.75,-37.5,-38,-33.5,-37.5,-37.75,-34,-37.5,-37.75,-33.75,-41,-41.25,-36.5,-40.5,-40.75,-37.25,-40,-40.5,-36.75,-39.25,-39.25,-35.75,-37.5,-37.5,-35.5,-38.5,-38.75,-35.75
endeavors,-30.5,-29.125,-28.5,-30.625,-29.5,-28.875,-29.25,-28.375,-27.875,-29.125,-28.25,-28.125,-29.625,-29.125,-29.125,-28.375,-27.875,-28,-33,-32,-31.125,-32.5,-31.625,-31.125,-32.5,-31.5,-31,-39.5,-39.75,-36.25,-38.5,-38.75,-36.5,-39.25,-39.25,-36,-41.75,-42.25,-38.25,-41,-40.5,-38.25,-40.75,-40.5,-37.25,-40.5,-40.75,-37.75,-38.75,-38.25,-36,-39.5,-39.25,-36.5
establishment,-33,-33.5,-30.5,-33.25,-33,-30.625,-32.75,-33,-30.5,-33.5,-33.75,-30.375,-33.5,-33.25,-31,-32.75,-32.75,-30.5,-35.5,-35.75,-32.75,-35,-35,-33,-35.25,-35.25,-32.75,-34.25,-34.25,-31.125,-33.25,-33.25,-30.375,-33.5,-33.5,-30.375,-36.75,-36,-33.75,-34.75,-34.75,-32.5,-34.75,-34.75,-32.25,-36.5,-36.25,-33.25,-33.75,-34.25,-31.75,-35,-35,-32.25
expert,-29.375,-29.75,-26.75,-30.125,-30.125,-27,-30,-30,-27.125,-30,-30.75,-26.875,-31.125,-31.75,-28.375,-30.375,-31.25,-28,-32.5,-32.75,-29.625,-32.75,-32.5,-30,-32.5,-33.25,-30,-34.75,-35,-31.875,-34.75,-34.75,-31.5,-35.5,-35.5,-32.5,-37.75,-37.75,-34.75,-37.75,-38,-34.5,-36.75,-37.5,-34.25,-36.25,-36.25,-34,-35,-35.5,-32.75,-35.75,-36,-33.75
experts,-29.875,-29.625,-26.75,-29.875,-30.125,-27.375,-27.75,-27.875,-26.375,-30.375,-30.5,-27.375,-31.25,-31.375,-28.625,-28.25,-27.875,-27,-31.625,-31.375,-28.875,-32.25,-32,-30.125,-30.875,-30.25,-28.625,-34.25,-34,-30.75,-33.25,-33.25,-30.25,-32,-32.25,-30.125,-35,-34.5,-32.5,-34.75,-34.75,-32.75,-33.75,-33.5,-31.625,-32.75,-32.75,-31.25,-31.75,-31.625,-31.25,-32,-32.25,-30.125
expertise,-28.875,-29,-26.25,-29,-29,-26.875,-28.125,-28.375,-26.375,-29.5,-29.5,-26.5,-30,-30,-27.75,-28.625,-28.5,-26.75,-32,-32.5,-29.5,-31.875,-31.875,-30.375,-31.625,-31.75,-29.75,-36.75,-37.25,-34,-36.25,-36.5,-33.5,-36,-36.5,-33.5,-39.5,-39.75,-36.5,-39,-39,-36.25,-38.5,-38.75,-35.75,-38.25,-38.5,-35.25,-36.25,-36.5,-34.25,-37.5,-37.5,-34.5
failure,-31.75,-31.625,-28.875,-32.25,-32.25,-30.25,-30.75,-30.75,-28.5,-31,-31,-28.75,-31.375,-31.375,-29.5,-29.75,-29.375,-27.75,-34.25,-34,-32,-34,-34,-32.75,-33.75,-33.5,-31.75,-21.125,-21.875,-18,-21.125,-21.125,-18.625,-22,-22,-18.875,-25.5,-25.5,-22.25,-25.125,-25,-22.625,-25.875,-26.125,-22.125,-23.625,-23.75,-20.875,-22,-21.75,-20,-24,-24.125,-21.375
failures,-33,-33.5,-30.25,-33.75,-33.75,-30.75,-32.75,-32.5,-29.625,-33.25,-33.25,-30,-33.25,-33,-30.625,-32.25,-32,-29.625,-35.75,-35.5,-32.5,-35,-35,-32.5,-34.75,-35,-32.25,-25.25,-25.375,-21.5,-25,-24.875,-21.875,-25.875,-25.75,-22.375,-28.625,-28.875,-24.75,-28.125,-28.375,-25.25,-27.875,-28.375,-24.75,-26.75,-27,-23.625,-25.375,-25.5,-23,-26.875,-26.875,-23.75
families,-21,-21,-19,-20.5,-20.625,-19,-21.75,-22.125,-20.125,-22.125,-22.25,-19.5,-22,-22.5,-20.125,-23,-23.25,-21,-22.375,-22.625,-20.875,-22.25,-22.125,-20.625,-23.875,-24,-22,-34.5,-34.75,-30.875,-34,-34.25,-31.125,-35,-35,-31.625,-36.25,-36,-33.5,-36.25,-36,-34,-36.25,-36.75,-33.5,-34.5,-34.5,-31.375,-33.25,-33.75,-31.25,-34.75,-34.75,-31.375
family,-13.9375,-13.75,-11.9375,-14.0625,-13.6875,-11.5,-15.3125,-15.6875,-13.25,-16,-16.25,-13.375,-15.9375,-16,-13.5,-17.5,-17.875,-15.5,-15.5,-16,-14.0625,-14.8125,-15.3125,-14.3125,-17.25,-17.75,-16,-34,-34,-30.5,-33.75,-34,-30.5,-34.75,-35,-31.125,-35.75,-36,-32.75,-36,-35.75,-33.25,-35.75,-36.25,-33.25,-34.5,-34.5,-31.125,-33.5,-33.25,-30.75,-35,-35,-31.5
fellow,-24.75,-25.375,-22.125,-23.875,-23.875,-20.75,-26.25,-26.375,-22.125,-25.875,-26.125,-22,-24.5,-24.625,-21,-27.125,-27.375,-23.375,-27.125,-27.125,-23.5,-24.5,-25.375,-21.625,-27.125,-27.5,-24.125,-33.5,-34,-29.75,-33.25,-33,-29.25,-34,-34.25,-30.5,-37.25,-37.5,-33.5,-36,-36.5,-31.875,-36.5,-36.75,-33,-36.5,-36.5,-31.875,-33.5,-34.25,-29.5,-35.75,-35.75,-31.75
fellows,-31.75,-32,-28.5,-31.25,-31.5,-28.125,-32.5,-33.5,-29.25,-32.75,-33.75,-29.5,-32.75,-33,-29.125,-33.5,-34,-30.375,-34,-34.75,-30.5,-33,-33.25,-29.625,-34.75,-35.25,-31,-39,-39.25,-34.5,-38.25,-38.75,-34.25,-38.75,-39,-35,-42,-42,-37.5,-41,-41,-36.5,-41,-41.75,-36.75,-40.5,-40.75,-36.5,-38.75,-39,-34.75,-39.75,-40.25,-36.25
forgiveness,-16.25,-15.25,-15.5,-15.6875,-14.75,-15.9375,-16.25,-15.4375,-15.4375,-16.625,-15.75,-16,-15.3125,-14.6875,-15.625,-16.375,-15.875,-16.125,-16.125,-14.8125,-14.8125,-14.5,-13.3125,-14.75,-14.6875,-13.75,-14.375,-34.75,-34.5,-31.625,-34.25,-33.75,-31.5,-35.25,-35,-32.5,-37.75,-37.25,-34.5,-37,-37.25,-34.5,-37.25,-36.75,-34.5,-34,-33.75,-31.75,-32.75,-32.5,-30.5,-34.75,-34.25,-32.25
fraternity,-28.25,-27.75,-28.25,-24.625,-24.125,-24.875,-28.25,-28,-28.125,-25.875,-25.5,-26.125,-23.125,-23.25,-22.875,-25.875,-25.5,-25.625,-25.25,-25.25,-25.25,-21.875,-21.875,-21.375,-24,-23.625,-24.375,-36,-36,-33,-36,-36,-33,-36.25,-36.25,-33.25,-38,-37.75,-35,-38.5,-38.5,-36,-38,-38.25,-35,-37.5,-37.75,-34.75,-36.5,-36.25,-34,-37.75,-37.5,-34.5
fraternities,-39.25,-39.25,-36.5,-39.5,-39.25,-36.5,-39.75,-39.75,-37,-39.25,-39.75,-36.25,-40,-40.25,-36.75,-39.75,-40,-37,-41.25,-41.5,-38.5,-41.25,-41.5,-38.5,-41.5,-41.75,-39,-38.75,-38.75,-35.25,-38.75,-38.75,-35.25,-38.75,-38.5,-35,-40.25,-40,-37.75,-41,-40.75,-38.25,-40.5,-40,-37,-40.5,-41,-37.5,-39.25,-39.25,-36.25,-40.25,-40.25,-36.25
freedom,-10.3125,-9.5625,-7.71875,-10.125,-9.3125,-8.8125,-11.3125,-10.6875,-9.125,-11.5625,-11.1875,-9.3125,-11.8125,-11.25,-10.3125,-12.375,-12.3125,-10.1875,-13.25,-12.5,-11.1875,-13.1875,-12.625,-12.5,-14,-13.5625,-12.375,-35.75,-35.5,-33,-34.5,-34.5,-32.25,-36,-36.25,-33.75,-38,-37.25,-35,-36.75,-36.25,-34,-37.75,-37.5,-34.75,-35,-34.75,-32.75,-32.5,-32,-30.625,-35,-34.75,-32.75
friend,-17.75,-18.375,-15.375,-17.875,-17.875,-15.6875,-19.25,-19.375,-16.875,-20.875,-20.875,-17.375,-21.125,-21,-18.5,-22.5,-22.625,-19.5,-20.75,-20.5,-18.5,-20.125,-19.875,-19,-22.5,-22.5,-20,-35.75,-36.25,-32.5,-35.75,-36.25,-32.25,-36.25,-36.75,-32.75,-38.75,-39,-34.75,-38,-37.75,-34.75,-38.25,-39,-34.75,-36.75,-37.25,-33.5,-35.75,-35.75,-32.75,-37.25,-37.25,-33.5
friends,-17.625,-17.25,-15.375,-17.5,-17.375,-16.125,-19.125,-19.25,-16.75,-20.625,-20.875,-18,-21,-21.25,-19.375,-22,-22.25,-19.875,-20.25,-20.5,-19,-20.25,-20.5,-19.5,-22,-22,-20.25,-36.75,-36.75,-32.75,-36.5,-36.25,-33,-36.25,-36.75,-32.75,-38.5,-38.75,-35.25,-38.5,-38.5,-35.5,-38.5,-38.75,-35.25,-37.25,-37.25,-34.5,-36.5,-36.25,-33.5,-37,-37,-34.25
friendship,-15,-14.3125,-12.8125,-14.5625,-14.4375,-14.125,-16,-16.125,-14.375,-17.5,-17.5,-15,-17.25,-17.25,-16.125,-18.625,-19,-16.875,-16.5,-16.25,-15.1875,-15.5,-15.125,-15.625,-17.5,-17.375,-17.125,-38,-38,-34.25,-37.5,-37.5,-34.25,-38,-38.25,-34.25,-39.75,-39.75,-36.25,-39.25,-39.25,-36.25,-39.75,-40,-36.25,-38.75,-38.75,-35.75,-37,-36.75,-34.25,-38.5,-38.5,-35.25
friendships,-18.75,-18.5,-17.625,-19.125,-18.625,-18.375,-19.75,-19.625,-18.75,-20.875,-21.125,-19.125,-21.125,-21.75,-20.75,-22.125,-22.25,-21,-21,-21.125,-20.25,-20.5,-20.375,-21,-22.25,-22.125,-21.375,-37.25,-37.5,-34,-37.25,-37.25,-34.5,-38,-38.25,-34.5,-39.5,-39.75,-36.5,-39.75,-39.75,-37.5,-39.75,-40,-36.75,-38.75,-39,-36,-38.25,-38,-35.5,-39.25,-39.25,-35.75
generosity,-21.125,-19.75,-19.625,-20.25,-18.875,-19.75,-20.625,-19.375,-19.5,-21,-20.375,-18.875,-19.75,-19,-19.125,-21.125,-20.375,-19.5,-21,-20.125,-19.125,-18.75,-18.375,-18.75,-19.875,-18.5,-19,-40,-40,-37.5,-39.5,-39.25,-36.75,-40.25,-40.25,-37,-41.75,-42.25,-39.5,-41,-41,-39,-41.5,-42,-39.5,-41.25,-41.25,-38.75,-39.5,-39.5,-37.5,-41.25,-41.25,-38.25
goal,-25.5,-25.5,-22.875,-25.875,-25.875,-23.125,-25.5,-25.625,-23.5,-26.625,-26.75,-23.5,-27.125,-27,-24.125,-26.125,-25.875,-24,-29.125,-29,-26,-29.25,-29.25,-26.75,-29.125,-29.25,-26.75,-35.5,-35.5,-32.75,-34.75,-35,-32.5,-34.75,-35.25,-32.75,-38,-38.25,-34.5,-37.25,-37.5,-34.5,-37.5,-37.25,-34.5,-36.75,-36.75,-34.25,-35.25,-35.25,-32.5,-36,-36,-33.75
goals,-26.75,-26.75,-24.25,-27.5,-27.75,-24.875,-27.375,-27.25,-25.5,-28.875,-28.625,-25.5,-29.125,-29.625,-27,-28.5,-28.625,-26,-31.375,-31.625,-28,-31.25,-31.125,-29,-31.625,-31.5,-28.375,-36.5,-37,-33.5,-36.5,-36.75,-34,-36.25,-36.75,-33.75,-39.5,-39.5,-36.25,-39.5,-39.5,-36.75,-38.75,-38.75,-35.5,-37.25,-37.5,-34.75,-36.5,-36.5,-34.5,-36.75,-37,-34.5
gratitude,-16.25,-15,-15.25,-16,-14.375,-15.5625,-17,-15.75,-15.5625,-17.75,-17,-16.375,-16.875,-16.25,-16.625,-18.125,-17.5,-17.375,-16.5,-15.4375,-15.5,-15.8125,-14.125,-15.75,-16.625,-15.4375,-16.125,-38,-38.25,-35.25,-37.5,-38.25,-34.5,-38.25,-38.75,-35.25,-40.5,-41.25,-37,-40,-40.25,-36.75,-40.25,-40.75,-37.5,-38.75,-39.25,-36,-37.25,-37.5,-34.75,-38.5,-39,-35.75
group,-28.5,-28.875,-26.375,-28.5,-28.375,-26.625,-29.125,-29.25,-26.75,-30,-30.125,-27.375,-29.375,-30,-28,-29,-29.25,-27,-31.5,-31.5,-29.75,-30.75,-31,-30,-31.25,-31.5,-30.25,-33.5,-33.75,-30.375,-33.25,-33.25,-29.5,-33.75,-33.5,-30.375,-36.25,-36,-33.25,-35.25,-35,-33.25,-35.25,-35,-32.5,-35,-35,-32.25,-33.75,-33.5,-30.75,-34.5,-34.5,-31.375
groups,-31.125,-31.375,-28.875,-30.75,-31.125,-29.5,-31.25,-31.875,-29.625,-32.75,-33,-29.75,-32.25,-32.5,-30.375,-31.875,-32.25,-30,-34.5,-34.5,-32.25,-33.5,-34,-32.25,-34.25,-33.75,-32.25,-34.5,-35,-31.375,-34,-34,-31.125,-34.75,-34.75,-31.375,-37.25,-37.25,-34.75,-36,-36,-34,-36.25,-36.5,-33.75,-36.5,-36.75,-33.5,-35,-34.25,-32,-35.75,-35.5,-32.75
guidance,-26,-26,-23,-25.5,-25.5,-22.625,-25.5,-25.5,-22,-26.5,-26.25,-22.25,-25.875,-25.75,-22.5,-25.25,-25,-22.375,-27,-27,-23.5,-26.5,-26.75,-23.875,-26.5,-26.125,-23.125,-35.5,-36,-32,-35,-35,-32.25,-35.5,-36,-32.5,-38.75,-39.5,-35.25,-38.25,-39,-35.5,-38.25,-39.25,-35,-37.5,-38.25,-34.25,-35.75,-36,-33.25,-36.75,-37.5,-34.25
guide,-30.25,-31,-27.5,-30.625,-30.75,-28.125,-30.875,-31,-27.125,-31.375,-31.5,-27.25,-31.5,-31.625,-27.625,-30.75,-30.75,-26.5,-33,-32.75,-28.625,-32.75,-33,-29.125,-32.5,-32.75,-28.625,-36.5,-37.75,-33.25,-36,-36.75,-34,-37.5,-38,-33.75,-39.25,-41,-36,-38.5,-40.25,-35.75,-40.25,-41,-35.75,-38.75,-40,-35.25,-36.75,-38,-35.25,-38.5,-39,-35.5
guides,-30.75,-31.625,-28.125,-31.375,-31.625,-28.375,-31.25,-31.875,-28.875,-31.625,-32.25,-28.625,-31.5,-32,-28.75,-31.75,-31.875,-28.625,-34.25,-34,-30.625,-33.25,-33,-30.875,-33.5,-33.25,-30.375,-36.75,-37.5,-33.25,-36.5,-37.25,-34,-37,-37.25,-33.25,-40,-40.75,-35.75,-39.25,-39.75,-36,-39,-39.75,-35.5,-38,-38.75,-35,-36.75,-37.25,-34.5,-37.25,-37.75,-34.75
harmony,-10.375,-9.375,-9.375,-9.0625,-7.90625,-8.75,-11.75,-10.625,-10.125,-11.5625,-11,-10.3125,-10.4375,-9.8125,-9.8125,-13.375,-13.1875,-11.5625,-11.4375,-11,-10.1875,-9.5625,-8.75,-9.1875,-12.3125,-11.8125,-10.5625,-38.5,-38.75,-35.5,-37.25,-37.5,-35.5,-38.25,-38.75,-35.75,-41.25,-41.5,-37.5,-40,-40.25,-37.25,-40.75,-41.25,-37.5,-39.25,-39.25,-36,-37.5,-37,-35.5,-39,-38.5,-36
help,-24.375,-24.125,-21.75,-23.125,-22.375,-19.75,-23.875,-23.125,-20.75,-24,-23.625,-20.5,-21.875,-21.5,-18.625,-23.125,-23.125,-20,-21.875,-20.875,-18.125,-18.5,-18,-16.625,-20.125,-19.75,-16.75,-29.625,-30.125,-25,-30.75,-31.375,-27.875,-30.25,-30.75,-25.875,-32.5,-33.5,-26.875,-33.75,-34.25,-29.875,-33,-33.5,-28,-29.5,-30.125,-24.75,-30.125,-30.625,-26.875,-29.5,-30.125,-25.125
hospitality,-26.125,-26,-24,-24.25,-24.375,-23,-25.875,-26.25,-24.125,-27.125,-27.25,-24.875,-25.875,-26.375,-24.75,-27.875,-28.125,-25.75,-27.625,-27.875,-25.25,-26.375,-25.75,-24.5,-27.875,-27.625,-25.375,-38,-38.25,-34.75,-37.5,-38,-34.75,-38.75,-39,-35.75,-41,-41.25,-38.25,-40.75,-41,-38,-41.5,-41.75,-38.5,-39.25,-39.5,-37,-37.75,-37.5,-35.5,-39.5,-39.75,-36.75
human,-18.625,-18.5,-16.625,-18.125,-18.25,-16.5,-18.5,-18.5,-16.375,-18.25,-18.5,-16.375,-17.25,-17.625,-15.4375,-17.625,-17.875,-15.5,-20.5,-20.5,-17.75,-18.75,-19,-17.125,-20.625,-20.625,-18.125,-26.875,-27.25,-24.125,-25.625,-25.75,-22.75,-26.25,-26.125,-22.875,-27,-27,-24.375,-25.25,-25.75,-23,-25.25,-25.5,-22.5,-25.25,-25.5,-23.625,-23.5,-23.5,-21.125,-24.375,-24.375,-21.875
humans,-22.375,-21.875,-20.125,-21.875,-21.75,-19.875,-21.375,-21.75,-19.5,-21.75,-21.75,-19.25,-21.625,-21.875,-19.625,-20.875,-21.125,-19.375,-24.375,-24.125,-21.625,-23,-23,-20.875,-24,-24.375,-21.125,-27.75,-27.875,-24.625,-26.375,-26.625,-23.625,-26.875,-27.25,-23.875,-27.375,-27.625,-25,-26.5,-26.625,-23.625,-25.875,-26.5,-23.125,-26.125,-26.25,-24.375,-24.5,-24.375,-22,-25,-25.125,-22.625
impartiality,-28.25,-28,-25.625,-26.5,-26,-25,-26.875,-26.5,-25.375,-27.375,-27.375,-24.75,-26,-25.375,-24.75,-26.75,-26.375,-25,-28.625,-28.125,-26,-26.375,-26.125,-25,-27.25,-26.375,-25.25,-34.25,-35,-31.75,-33.75,-34,-31.625,-34,-34.5,-31.75,-37.25,-37.25,-34.5,-36.25,-36.25,-34,-36.25,-36.25,-33.75,-35.5,-35.5,-33.5,-33.25,-33.5,-31.625,-34.75,-34.75,-32.5
importance,-27.5,-28,-25.5,-26.5,-26.5,-24.375,-26.75,-26.75,-24.75,-26.625,-26.875,-24.75,-26,-26.25,-24.25,-26,-26.125,-24.375,-29,-29.25,-26.625,-28.125,-28.125,-26.375,-29,-29,-26.375,-33,-32.75,-30.375,-31.25,-31,-28.875,-32.5,-32,-29.875,-35.5,-35.5,-32.75,-34,-33.25,-31.5,-34.25,-34.25,-32.25,-34,-34,-31.375,-31.5,-31.5,-29.25,-32.75,-33,-30.875
inclusion,-20,-19.5,-18,-19.125,-18.5,-17.75,-21.25,-21.375,-19.625,-20.25,-20.375,-18.125,-19.625,-19.5,-18.125,-21.875,-21.75,-20,-20.375,-20,-19,-19.125,-19,-19.25,-20.75,-20.625,-19.625,-36.25,-37.5,-34,-37.25,-37.5,-35.5,-35.25,-35.25,-33.75,-39,-39,-36.25,-40,-40,-38,-36.75,-37,-35.5,-38.5,-38.75,-35.5,-37.75,-38.25,-36,-36.5,-36.75,-34.75
independence,-20,-20,-17.75,-20.625,-20.375,-19.125,-20.875,-21.125,-18.75,-22.375,-22.125,-19.25,-22.25,-23,-21.125,-23.125,-22.875,-20.875,-24.875,-24.875,-22.375,-26,-26.25,-24.25,-26.25,-26.25,-23.75,-37.5,-37.75,-35.25,-37,-37.25,-34.75,-37.5,-37.5,-35,-40.5,-40.5,-38,-40.25,-40,-37.75,-39.75,-40,-37.5,-38,-38,-36.25,-36.25,-36.25,-34.5,-37.75,-38,-36
individualist,-30.75,-31.625,-29.125,-31,-31.75,-29.25,-30.875,-32,-29.125,-32,-33,-30.125,-32.75,-33.75,-30.5,-32.5,-33.25,-30,-34.75,-35.5,-32,-34.75,-35.25,-32.5,-35.5,-35.5,-32.5,-36.25,-37,-34.25,-35.25,-35.75,-33.5,-36.25,-36.25,-34,-38.25,-38.75,-36.5,-36.75,-36.75,-34.75,-37.75,-38.25,-36,-37.5,-38.5,-35.75,-35.75,-36.5,-33.75,-37,-38,-35
insight,-21.375,-19.75,-20.625,-22.25,-20.75,-21.125,-21.5,-20.375,-20.25,-20.375,-19.375,-18.875,-21.5,-20.75,-20.375,-20.625,-19.5,-19.625,-25.25,-23.75,-24,-25.75,-25.125,-25.25,-25.25,-23.875,-24.125,-33.75,-33.75,-31,-32.5,-32.5,-30.375,-33.25,-33.5,-31.125,-37.5,-37.25,-33.75,-36,-36.25,-33.75,-36.5,-36.25,-33.5,-32.75,-32.5,-30.875,-31,-30.75,-29.25,-32.75,-32.5,-30.125
insights,-25.5,-25.25,-24.75,-26.25,-25.375,-25.25,-25.625,-25,-25.25,-25.25,-25.125,-24.125,-26.375,-25.75,-25.25,-25.25,-25,-24.5,-28.625,-28.125,-27.5,-29.375,-29.125,-27.875,-29.125,-28.375,-27.75,-36,-37,-32.75,-35.75,-35.75,-33,-36,-37,-33,-38.5,-39,-35,-38,-38.5,-34.75,-38.25,-38.5,-34.5,-37.5,-38,-34.25,-36,-36,-33,-36.75,-37.5,-33.25
intent,-26.125,-25.25,-24.75,-25,-23.75,-24.375,-24.75,-24.375,-23.75,-23,-22,-23.375,-21.875,-20.875,-22.25,-21.875,-21.25,-21.875,-25.875,-24.375,-25,-23.5,-23,-24.125,-24.125,-23.625,-23.5,-29.25,-28.875,-27,-27,-26.375,-25.125,-29.25,-28.875,-26.125,-29,-27.875,-26.875,-26.5,-26.125,-25.125,-28.25,-28.25,-25.625,-27.25,-26.375,-25.625,-24.5,-23.75,-22.375,-27.625,-27,-25.375
intention,-24.625,-23.875,-23.75,-23.375,-22.875,-22.875,-22.625,-22.875,-22.375,-22.5,-21,-21.625,-21.25,-20.625,-20.5,-20.875,-20.375,-20.5,-23.625,-23.125,-23,-22.5,-22.125,-21,-23.125,-22.75,-21.25,-27.125,-27,-25.5,-25.375,-24.75,-23.25,-26.625,-26.75,-24.625,-27,-26.5,-25.25,-25.5,-25.375,-23.625,-27.125,-27.125,-24.5,-25.625,-25.25,-24.25,-23.25,-22.875,-21.75,-25.875,-25.25,-23.25
intentions,-29.25,-28.5,-27.375,-28.25,-27.625,-26.5,-28.875,-28.375,-26.625,-28.875,-27.25,-26.375,-26.5,-26.25,-25.875,-27.75,-27,-25.875,-29,-28.25,-27.125,-27.5,-27,-25.875,-29.125,-28.625,-26.375,-32,-32.25,-29.125,-30,-30,-27.125,-32.75,-32.75,-28.375,-31.5,-31.125,-29.5,-30.375,-30.375,-27.625,-32.25,-32,-29,-31.5,-30.875,-28.5,-28.625,-28,-26.125,-31.625,-31,-27.875
intuition,-27.5,-26.5,-24.625,-28.75,-28.25,-26.5,-28,-27.875,-25.25,-27.875,-27,-24.625,-28.375,-28.25,-26.25,-27.75,-27.25,-25.375,-31.375,-31.25,-28.375,-32,-31.625,-30,-31.875,-31.5,-29.25,-35.5,-36,-32.25,-34,-34.25,-32,-34.75,-34.5,-32.25,-38,-38.25,-34.5,-37,-37,-35.25,-37,-37,-34.25,-35.75,-36.25,-32.75,-33.25,-33.5,-32.25,-34.75,-34.75,-32
justice,-20.25,-20.25,-18.125,-19.25,-18.5,-17.5,-19.625,-19.25,-17.5,-19.625,-19.25,-17.625,-18.625,-18.375,-17.25,-19.375,-19,-17.25,-21.375,-21.125,-18.875,-19.875,-19.25,-18.75,-19.625,-19.125,-18.125,-34.75,-35,-31.625,-33.75,-34.25,-31.125,-34.5,-34.75,-31.75,-36.25,-36.25,-33.25,-35.25,-35.75,-33,-36,-36,-32.75,-34.75,-35,-32,-33,-33.25,-30.75,-34,-34,-31.75
keenness,-27,-26.75,-24.625,-28.125,-27.625,-25.75,-28.5,-27.875,-25.375,-29.125,-28.75,-25.5,-29.875,-29.375,-27,-30.25,-30,-27.25,-31.25,-30.875,-28,-31.25,-31.625,-29.125,-32.25,-32.25,-29.125,-38,-38.75,-34.75,-38,-38,-34.25,-38.75,-39,-35,-41.25,-42,-37.25,-40,-40.5,-36.75,-41,-41.75,-37.25,-39.25,-39.5,-36.25,-37.5,-37.25,-34,-39.25,-39.25,-35.5
kin,-17.125,-16.875,-16,-15,-14.5,-13.0625,-19.5,-18.625,-18.125,-18.625,-18.125,-16.125,-16.625,-16.625,-14.375,-21.125,-20.625,-19.125,-18.25,-17.875,-17.625,-16.75,-16.375,-16.125,-19.75,-19.25,-19.25,-29.875,-30.25,-26.25,-29.75,-30.25,-26.375,-30.5,-31.125,-26.375,-34,-34,-29.75,-33,-33.25,-29.5,-33.25,-34.25,-29.125,-31.25,-31.25,-27.25,-29.125,-29.125,-25.875,-31,-31.375,-26.75
kindness,-9.0625,-8.0625,-7.5,-7.84375,-6.65625,-7.34375,-9.6875,-9.0625,-7.6875,-10.9375,-10.25,-8.6875,-10.0625,-9.375,-9.375,-12,-11.6875,-10.5625,-9.375,-8.625,-7.59375,-6.34375,-5.5,-5.5625,-9.125,-8.4375,-7.5625,-37.75,-37.25,-34.75,-36.75,-36.75,-33.75,-38,-38,-34.75,-39.75,-39.75,-37,-38.75,-38.75,-36,-39.25,-39.75,-36.5,-38,-38,-35.5,-35.75,-35.75,-33.5,-37.75,-38,-35
kinship,-17.25,-16.125,-16.75,-16.25,-15.25,-16.5,-18.125,-17.625,-17.125,-18,-17.625,-17.125,-18,-17.25,-17.75,-19.125,-19.25,-18.375,-17.875,-16.625,-17.375,-16.875,-16.25,-18.125,-18.5,-18.125,-18.25,-36.25,-36.75,-32.75,-36,-35.75,-32.75,-37.25,-37,-33.25,-39.75,-39.5,-36.5,-39.25,-39.25,-36.25,-39.5,-39.5,-36.25,-37.25,-36.75,-34.25,-35,-34.75,-32.5,-37,-37,-33.75
law,-28.375,-28.125,-24.875,-27.125,-27,-24.25,-27.625,-27.375,-24.5,-26.625,-26.5,-23.25,-24.5,-24,-21.625,-24.75,-24,-21.5,-29,-28.375,-25.875,-26.25,-25.75,-24.375,-26.875,-26.125,-24.375,-31.625,-31.5,-27.625,-30.875,-30.875,-27.25,-31.625,-31.5,-28,-34.25,-33.75,-31,-33.5,-33.5,-30.75,-33.25,-33.5,-30.125,-33.75,-33.25,-29.75,-31,-31.25,-28.5,-33,-33,-29.25
laws,-30.125,-30,-26.625,-30.25,-29.875,-26.5,-29.875,-29.375,-26.125,-29.25,-29,-25.125,-28.125,-27.25,-24.875,-27.125,-26.5,-23.375,-31.5,-31.125,-27.875,-30.25,-29.5,-27.5,-30.625,-29.25,-27.125,-34,-34.25,-29.75,-33.25,-33,-29.25,-34,-34,-29.75,-36.25,-36,-32.25,-34.5,-35,-32.5,-35.25,-35.25,-32,-35.75,-35.5,-32.25,-33.5,-33.5,-31,-35.25,-35.5,-31.5
learner,-25.875,-26,-23.25,-25.125,-24.875,-22.625,-25.25,-25.125,-23.25,-24.375,-24,-22.25,-24,-23.875,-22.25,-24,-23.75,-21.875,-28.125,-27.875,-25.625,-27.75,-27.75,-26.125,-28.75,-28,-26.5,-36,-36.25,-32.75,-36,-36.25,-33.25,-36.5,-36.5,-33.25,-39.25,-39.5,-35.5,-39.25,-39.5,-36.25,-39.5,-39.75,-36,-37.75,-37.75,-34.75,-36.25,-36.25,-33.75,-37.75,-38,-34.5
learners,-26.25,-26.25,-23.875,-25.25,-25.25,-23.75,-26.625,-26.625,-24.5,-25.375,-25.625,-23.5,-25.875,-25.75,-23.75,-26,-26.125,-23.875,-28.75,-28.625,-26.75,-28.125,-28.125,-26.5,-28.75,-29.125,-27.375,-37.75,-38.25,-34,-37.25,-37.5,-34.75,-38,-38.5,-34.75,-40.25,-40.25,-36,-40.25,-40.25,-37,-40,-40.5,-36.75,-38.75,-39.5,-35.25,-37.25,-37.5,-35,-38.75,-39.25,-35.5
liberties,-28.25,-27,-24.75,-25.125,-24.25,-23.5,-26.125,-25.625,-23.625,-25.75,-24.75,-23,-24.25,-23.25,-22.5,-24.5,-24.25,-22.375,-28,-27.375,-25.875,-25.75,-24.75,-24.75,-25.875,-25.375,-24.875,-37.25,-36.75,-33.25,-36.75,-36.5,-33.25,-37.25,-37.25,-33,-39,-38.5,-34.5,-38.25,-38.25,-35.25,-38.25,-38.5,-34.25,-36.5,-36.5,-33.25,-35.25,-35.5,-32.5,-36.5,-36.5,-32.5
liberty,-14.3125,-13.0625,-13.0625,-13.5,-12.25,-13.1875,-13.75,-13.25,-12.625,-14,-13.625,-12.3125,-13.8125,-13.3125,-13.625,-14,-13,-13.1875,-16.75,-15.75,-15.625,-15.5625,-15,-15.8125,-16.375,-15,-15.8125,-38.75,-38.5,-36,-37.5,-37.5,-35.5,-39,-38.75,-36.25,-40.5,-40.75,-37.75,-39.5,-40,-37.5,-40.5,-40,-37.75,-39,-38.75,-36.75,-36.75,-36.5,-35,-38.75,-38.5,-36.25
logic,-24,-24.625,-21.5,-24.375,-24.375,-22.375,-23.25,-22.75,-21.375,-23.75,-24,-20.25,-24.5,-25,-22.75,-22.375,-22,-20.75,-27.625,-27.625,-25.375,-28.375,-28.5,-26.625,-27.875,-27.875,-25.625,-33,-33.25,-29.75,-33,-33,-30,-33,-33.25,-29.875,-35.75,-36,-32.25,-35.75,-36,-33,-35,-35.75,-31.875,-34,-34.25,-31.125,-32.5,-32.5,-30.125,-33.5,-33.75,-30.75
loner,-32,-32.25,-28.75,-32.25,-32.5,-28.75,-32.75,-33.25,-29.25,-32.75,-33.5,-29.375,-33,-33.5,-29.5,-33.5,-34.25,-30,-35.5,-35.75,-31.625,-35.5,-36.25,-32,-36,-37,-31.75,-32.5,-32.75,-28.75,-31.875,-31.875,-28.375,-33.75,-34,-30,-36,-36.25,-32.5,-35,-35.25,-32.25,-37,-36.75,-33.25,-34.5,-34.5,-31.125,-32.25,-32.5,-29.25,-35.25,-35.25,-31.625
love,-1.8984375,-1.1328125,0.0795898438,0.235351562,0.63671875,1.9453125,-3.53125,-3.421875,-0.546875,-2.578125,-2.84375,-0.259765625,-0.240234375,0.182617188,2.25,-4.15625,-4,-0.66015625,-0.447265625,-0.123535156,1.203125,2.25,2.953125,3.53125,-1.6875,-0.85546875,0.80078125,-27.625,-27.5,-25.375,-26.875,-26.625,-25.125,-29.375,-28.875,-26.75,-30.5,-30.125,-29,-30,-29.5,-28.25,-31.375,-31.125,-29.5,-26.5,-26.25,-25.375,-24.75,-24.375,-24,-27.875,-27.875,-26.375
marriage,-22.75,-22.875,-21.125,-23.625,-23.875,-22.375,-24.125,-23.875,-22,-24.125,-24.25,-21.875,-25.25,-25,-23.5,-24.875,-24.5,-22.875,-25,-25.375,-23.75,-25.75,-25.875,-25.25,-26.125,-26.25,-24.875,-31.5,-32.25,-28.25,-32,-32.25,-28.75,-32.5,-32.75,-29.375,-34,-34,-30.625,-33.75,-34,-30.875,-34.25,-34.25,-31,-33.25,-33,-29.875,-32.25,-33,-29.25,-33.5,-34,-30.5
marriages,-31.375,-31.125,-28.5,-31.875,-31.375,-29.625,-31.375,-31.25,-28.625,-32,-32,-29.375,-32,-32.25,-30.5,-32,-32.25,-29.625,-32.5,-32.75,-31,-32.75,-33.25,-31.5,-32.75,-32.5,-31.375,-37,-37.25,-33.75,-36.75,-36.75,-33.75,-37.75,-38,-34.25,-39.25,-39.25,-36,-39.25,-39.25,-36.25,-39.5,-39.5,-36.75,-38.25,-38.75,-35.25,-37,-37.25,-34,-38.75,-38.75,-35.75
master,-27.5,-27.375,-24.625,-28.375,-28,-24.75,-27.625,-27.25,-23.75,-27.25,-26.625,-23,-26.625,-26.75,-23.125,-26.5,-26.25,-22.75,-30,-30.125,-26.25,-29.75,-29.625,-27.125,-30.125,-30.25,-27,-35.5,-35.5,-31.625,-35,-35,-31.375,-35.75,-35.5,-31.75,-37.75,-37.5,-33.75,-37.25,-37.25,-33.75,-37.5,-37.75,-34,-36,-35.25,-32,-34.25,-34.25,-30.875,-35.75,-36,-32
masters,-29.25,-29.25,-26,-28.875,-29.125,-25.875,-29.75,-29.75,-26.375,-30.125,-30.125,-26.125,-29.25,-29.5,-26,-29.875,-30.125,-26.75,-31.75,-32.25,-27.5,-31.125,-31.5,-28,-32.25,-32.5,-28.875,-34.5,-34.5,-31,-33.25,-33.25,-30.125,-35.25,-35,-31.875,-36.75,-36.75,-33.75,-35.5,-35.25,-32.75,-36.75,-36.5,-34.25,-34.75,-34.75,-31.875,-33.25,-33,-30,-35.25,-35,-32
mastery,-21,-20.375,-19.25,-21.5,-20.75,-20.125,-21,-20.25,-19.625,-21,-20.875,-19.375,-22.5,-22.375,-20.75,-21.25,-20.75,-19.75,-24.875,-24.375,-23,-26.125,-25.875,-25.125,-25.625,-24.75,-24.5,-35.5,-35.75,-33,-35,-35,-32.75,-35.5,-35.5,-33.75,-38.25,-38.5,-35.75,-37.75,-37.75,-35.75,-37.5,-37.5,-35.5,-36.5,-36,-34.25,-35,-35,-33.5,-35.25,-35.75,-33.75
matrimony,-26.875,-26.75,-25.25,-27.5,-27.25,-26,-27.125,-26.875,-26,-27.5,-28,-25.75,-28.25,-28.25,-26.75,-28.125,-28.125,-26.375,-28.875,-28.875,-27.875,-29.375,-29.5,-28.75,-29.875,-29.5,-28.5,-33,-33.25,-29.375,-32.25,-32,-29.375,-33.25,-33.25,-29.75,-35.5,-35,-32.5,-35.25,-34.75,-32.5,-35.75,-35.5,-32.75,-33.5,-34,-31.125,-32.25,-32.25,-29.125,-34,-34.25,-31.5
member,-31.125,-31.375,-28,-31.125,-31.25,-28.125,-31.5,-32.5,-28.5,-32,-32.5,-28.875,-31.375,-31.875,-28.75,-31.875,-32.5,-28.875,-32.75,-33.25,-29.5,-32.25,-33,-30,-33,-34,-30,-35.25,-36.25,-32.25,-35,-35.25,-31.625,-36.25,-36.5,-32.5,-38,-38.75,-35,-37,-38,-34.75,-37.5,-38.25,-34.5,-36.5,-37.25,-33.5,-35,-35.5,-32,-36.5,-37,-32.75
members,-31.875,-32.25,-29.625,-31.75,-32.25,-29.25,-32.25,-33,-29.75,-32.75,-33.5,-29.875,-31.875,-32.75,-30,-32.25,-33,-30.125,-34,-34.75,-31.125,-32.75,-33.25,-30.625,-34,-34.25,-31.75,-35.25,-35.75,-33.25,-34.75,-35,-32,-35.5,-35.75,-32.75,-38.5,-38.5,-35.5,-37.25,-37.75,-34.75,-37.5,-38,-35,-36.75,-37,-34,-34.75,-35.25,-32.75,-36,-37,-33.75
middle ground,-34.25,-34,-32,-33.75,-33.25,-31.25,-34.25,-34,-31.75,-35,-34.75,-32.25,-34.25,-34.25,-32,-34.25,-34.25,-32.5,-35.5,-35.5,-33.25,-34.75,-34.5,-32.75,-36.25,-36.25,-33.5,-35.5,-35.5,-33,-35.5,-35.5,-33.25,-35.5,-35.5,-33.25,-38.75,-38.25,-35.75,-38.75,-38,-36.5,-38,-37.5,-36.25,-37.25,-37.25,-34.75,-36.25,-35.75,-33.75,-37,-36.75,-34.75
motivation,-22.125,-21.875,-19.125,-21.75,-21.25,-19.625,-22.125,-21.625,-19.5,-22.75,-22.75,-20,-22.625,-22.625,-20.75,-22.375,-22.125,-20,-25.25,-25.25,-21.75,-24.875,-24.75,-22.5,-25.375,-25.375,-22.25,-35.25,-35.5,-32,-34.5,-34.5,-31.75,-36.5,-36.5,-33.75,-39,-39,-36.25,-37.75,-37.75,-35.75,-38.75,-39,-36.5,-37.25,-37.25,-34.25,-35.5,-35.25,-33.25,-37.25,-37,-34.75
neighbor,-30.5,-30.625,-27.625,-30.125,-29.75,-27.125,-30.625,-30.375,-27,-30.75,-30.5,-27.5,-29.5,-29.125,-27.375,-30.75,-30.375,-27.25,-30.625,-30.375,-28,-29.375,-29.25,-27.75,-31.125,-30.75,-28.875,-32.5,-32.75,-27.75,-32.75,-32.75,-28.5,-33.75,-33.75,-29.375,-36,-36.25,-32.25,-35.75,-36,-32.5,-36.5,-36.5,-32.75,-34.5,-34.75,-30.5,-33.25,-33.25,-29.875,-35.25,-35.5,-31.25
neighbors,-32.5,-33,-29.625,-32.75,-33,-30.125,-33,-33.25,-29.75,-33.5,-33.5,-30.25,-32.75,-33,-30.75,-33.75,-34,-30.125,-34.25,-34.75,-31.625,-33.25,-34,-31.5,-34.75,-34.75,-32,-32.5,-33,-28.375,-32.5,-32.75,-28.75,-34,-33.75,-29.125,-36,-35.75,-31.875,-35.75,-36,-33.25,-36.75,-36.75,-32.75,-34.25,-34.25,-30.125,-33.25,-33,-29.875,-34.5,-35,-30.625
objective,-24.25,-24.625,-22,-24.375,-24.625,-23,-23.5,-24.25,-21.5,-24.875,-25.125,-23.75,-26.375,-27.25,-25.625,-24,-24.5,-22.875,-26.25,-26.375,-25,-27.25,-27.5,-25.375,-26.375,-26.5,-24.375,-25,-25.375,-25.25,-25.25,-25.625,-24.625,-24.25,-24.5,-23.25,-27.375,-27.625,-27,-28.375,-28.375,-27.125,-25.875,-26.625,-24.75,-27.125,-27.375,-27.375,-27.125,-27.875,-27,-25.5,-26,-24.375
objectives,-30.875,-31.375,-27.125,-30.75,-30.625,-27.625,-30,-30.125,-27.125,-30.75,-30.875,-27.5,-30.75,-31.5,-28.25,-30.25,-30.625,-27.625,-32.75,-33.25,-29.375,-32.5,-32.5,-30.375,-32,-32.5,-29.625,-35.5,-36,-32.25,-35,-35.25,-32.75,-35.75,-35.75,-32.5,-37.75,-38.5,-33.5,-37.25,-38,-34.75,-37.25,-38,-34.25,-36.75,-37.25,-33,-35.5,-36.25,-33.5,-35.75,-36.75,-33
objectivity,-29,-29.375,-26.875,-29.125,-29,-27.625,-28,-28,-26.625,-29.375,-29.5,-27.375,-29.25,-29.625,-27.75,-28.5,-28.375,-27.5,-31.625,-31.75,-29.5,-31.5,-31.375,-29.875,-31.375,-31.375,-29.5,-32.25,-32.5,-30.375,-32.25,-32.5,-31,-31.875,-31.875,-30,-34.5,-34.5,-32.5,-34.5,-34.75,-33.25,-33.5,-33.5,-31.75,-33.75,-34,-31.5,-32.5,-32.75,-31.75,-32,-32.5,-30.5
opportunity,-13,-12,-12.3125,-11.75,-10.75,-12.375,-12.5,-11.875,-12.3125,-13.1875,-12.75,-12.5,-12.8125,-12,-13.125,-13.0625,-12.3125,-13.8125,-16.125,-15.6875,-15.625,-14.6875,-13.875,-15.875,-15.5625,-14.5625,-15.8125,-34.75,-34.75,-31.25,-34,-33.75,-31.125,-33.75,-33.5,-30.375,-36.5,-36.25,-32.75,-35.75,-35.5,-33,-34.5,-34.5,-31.875,-34.5,-34,-31.5,-32.5,-31.875,-30.5,-33,-33,-30.125
opportunities,-21.25,-21.25,-19.375,-20.25,-19.875,-19.5,-21.375,-21.125,-19.25,-22.375,-22.625,-20.25,-21.125,-21.625,-20.625,-22.75,-22.75,-21.125,-24.125,-24.125,-22.25,-22,-22.125,-22.125,-24,-23.625,-22.125,-38,-38,-34.75,-37.25,-37,-34.25,-37.5,-37,-34.5,-39.75,-39.75,-36,-38.5,-38.75,-36.25,-38.5,-38.5,-35.25,-38.25,-38.25,-34.75,-36.25,-36,-34,-37.25,-37,-34
pal,-24,-24.25,-20.875,-24.375,-24.375,-22.125,-26.125,-26.125,-22.375,-27.125,-27.125,-23.75,-27.5,-27.25,-24.5,-27.875,-27.875,-24.875,-27.25,-27.25,-23.625,-27.375,-28.125,-25.125,-28.75,-28.875,-25.125,-32.25,-32.25,-27,-30.125,-29.875,-26.5,-31.25,-31.375,-27,-35.5,-35.75,-30,-33.75,-34.25,-29.5,-34.75,-35,-29.875,-32.75,-33.25,-28.25,-30,-30.5,-26.5,-32,-32.25,-27.875
pals,-27.125,-27.625,-26,-28.375,-28.125,-26.625,-29.125,-29.375,-27.375,-30.125,-30.5,-28,-31.375,-31.75,-28.875,-32.25,-32.75,-30.125,-30,-30.25,-28.625,-31,-31.375,-30,-32.25,-32.75,-31.125,-40,-40.75,-36.75,-39.5,-40.25,-36.75,-40.5,-41,-37.25,-43.75,-43.75,-38.5,-42.75,-43.25,-38.5,-43.75,-44,-38.5,-42.25,-42.5,-38,-41,-41,-37.25,-42.25,-42.5,-38.5
participant,-29.75,-29.875,-28,-29.25,-29.25,-28.25,-29.75,-30,-28.5,-30.125,-30.5,-29.125,-29.75,-30,-29.375,-30,-30.5,-29.375,-32.25,-32.75,-30.625,-31.375,-31.5,-30.625,-32.75,-33,-31.25,-34,-34.5,-31.75,-33.5,-33.75,-31.375,-34.5,-34.25,-32,-37.25,-37.25,-34.5,-36.75,-37.75,-34.75,-36.75,-37.25,-34,-35.75,-36.25,-33.75,-34.5,-34.25,-32.5,-35.25,-36,-33
participants,-30.5,-30.375,-28.75,-29.625,-29.5,-28.5,-29.625,-29.75,-28.875,-30.75,-31,-29.375,-30,-30.125,-29.75,-29.875,-29.875,-29.875,-32.75,-32.5,-30.875,-31,-31.375,-30.5,-32.25,-32.5,-31.25,-33.75,-34,-31.75,-32.5,-32.75,-31.25,-34.25,-34,-31.875,-36,-36.5,-34,-35.25,-35.25,-34,-36,-36.25,-34,-35.25,-35.5,-33.75,-32.5,-33.25,-32.25,-34.5,-35,-33.25
participation,-24.625,-24,-23.375,-22.625,-21.375,-22.5,-23.375,-23,-23.125,-24,-23.375,-22.875,-22.625,-22.25,-23.125,-24,-23.125,-23.625,-27.125,-26.125,-26.375,-24.75,-24.25,-25.875,-26.375,-25.625,-26.5,-30.375,-30.5,-26.875,-31.75,-31.625,-28.625,-30.75,-30.625,-27.625,-35.25,-35.25,-31.75,-35.5,-35.5,-33.5,-34.75,-34.75,-31.875,-33.25,-33.75,-29.875,-32.75,-32.75,-30.625,-33,-33.25,-29.5
partner,-23.875,-23.75,-20.875,-23,-23.375,-19.875,-25.5,-26,-22.75,-26.75,-27.125,-23.875,-26.625,-27.25,-23.375,-28.5,-29.125,-26.375,-26.875,-27.25,-24.375,-26.125,-26.75,-24.625,-28.5,-29,-26.25,-36.25,-36.5,-31.75,-35.75,-36,-32.5,-37.25,-37.75,-33.75,-39.25,-39.5,-35.5,-38.75,-39,-35.25,-39.5,-39.75,-35.75,-38.75,-38.5,-34.75,-37,-37,-33.5,-38.75,-38.75,-34.75
partners,-25,-25.25,-22.875,-24.625,-24.125,-22.375,-26.875,-27.25,-24.375,-28.125,-28.25,-25.125,-27.125,-27.75,-25,-29.75,-30.25,-27.625,-28.375,-28.75,-26.375,-27.875,-28.125,-26.5,-30,-30.125,-28.625,-35.25,-36,-31.25,-35,-35.25,-31.375,-36.25,-36.75,-31.875,-38.75,-38.5,-34.75,-38.25,-38.25,-34.75,-38.5,-38.75,-35.5,-37.25,-37.25,-33.5,-36.25,-36.5,-32.25,-37.5,-37.5,-34.25
partnership,-24.25,-23.75,-22.5,-22.75,-22.5,-22,-23.75,-23.75,-22.25,-24.375,-23.75,-22.75,-24,-23.75,-22.5,-23.625,-23.5,-22.375,-25.625,-25.125,-25,-24.5,-24.125,-24.5,-25.375,-25.625,-24.875,-37,-37.25,-32.75,-36.75,-36.75,-33,-37.5,-37.5,-33,-40.25,-40.25,-36.25,-39.5,-39.25,-36.5,-39.5,-39.5,-36.25,-38.5,-38.5,-34.75,-37,-37.25,-34,-38,-38.25,-34.75
partnerships,-29.25,-29.25,-26.375,-28.25,-28.125,-26.25,-28.75,-28.875,-27,-29.625,-30,-26.75,-29.375,-29.625,-27.25,-29.25,-29.875,-28,-31.25,-31.125,-29.125,-29.75,-29.75,-28.75,-30.875,-31.125,-29.375,-39,-39.5,-35.25,-39.25,-39.25,-35.5,-40,-40.25,-36.25,-42.75,-42.75,-38.75,-42.75,-42.75,-39.5,-42.25,-42.75,-39.5,-41,-40.75,-37.5,-39.75,-39.75,-36.5,-41,-41.25,-37.75
party,-23.625,-24.125,-20.875,-26.5,-26.625,-23.75,-26,-26,-22.75,-27.125,-27.625,-23.625,-30.75,-31.25,-27.5,-29.375,-29.75,-26.375,-29.5,-29.875,-26.625,-32.5,-33,-30,-32.5,-32,-29.375,-35.5,-35.5,-31.75,-36.5,-36.25,-32.75,-36.75,-36.75,-33,-40.25,-40,-36.25,-41.25,-40.75,-37.75,-40.75,-40.5,-36.75,-36.75,-36.5,-33.25,-36.25,-36,-33.75,-37.25,-37.5,-34.5
parties,-28.5,-28.875,-24.875,-30.75,-31.25,-27.875,-29.75,-30,-26.875,-32,-32.5,-27.75,-34.25,-34.75,-31.125,-33,-33.25,-29.75,-33,-33.5,-29.875,-34.75,-35.5,-33,-34.75,-35.5,-32.25,-37.25,-37.25,-33.75,-37.25,-37.75,-34,-38.5,-38.5,-35,-41.75,-41.75,-38.5,-42.25,-42,-39,-42.5,-42.25,-39,-39.25,-38.5,-36,-38.5,-38,-35.75,-39.5,-39.25,-36.75
persistence,-23.375,-23.125,-20.875,-23.75,-22.875,-21.375,-22.375,-21.5,-20,-22.125,-21.625,-19.5,-21.875,-21.125,-20.25,-20.875,-20.25,-18.875,-26.125,-25.625,-23.625,-25.75,-25.125,-24.75,-25.375,-24.75,-23.625,-30.875,-30.125,-29.25,-29,-28.5,-27.75,-30.625,-29.875,-29.25,-34.5,-34,-32.75,-32.25,-31.25,-31.75,-33.25,-32.5,-32.25,-29.75,-29.125,-29.125,-27.375,-26.625,-27,-29.625,-29.25,-28.5
philanthropy,-27,-26.375,-24.5,-26.625,-26.25,-24.875,-26,-25.625,-23.75,-26,-25.625,-23.375,-26.25,-25.875,-24.125,-25.375,-25.25,-23,-26.75,-26.375,-24.625,-26.375,-26,-24.75,-25.625,-25.375,-23.625,-42,-42,-39,-41.5,-41.5,-39,-42,-42.5,-39.25,-44.75,-45.25,-41.25,-44,-44,-41,-44.25,-44.75,-40.75,-43.5,-43.75,-40.5,-41.5,-41.5,-39.5,-43.25,-43,-39.75
pioneer,-32.75,-32.5,-29.125,-32.5,-32.25,-29.25,-32.25,-31.5,-28.875,-31.625,-31.5,-28.25,-32.5,-32.75,-29.75,-31,-31,-28.25,-35.25,-35.25,-32.75,-35.75,-35.75,-33.25,-35.5,-35.75,-33.25,-39,-39,-35.5,-38,-38.25,-35.25,-39.25,-39,-36,-41.75,-42,-38.5,-41.25,-42,-38.5,-41.25,-41.25,-38.75,-40,-40.25,-37,-38.25,-38.25,-36,-39.25,-39.75,-37.5
pioneers,-34.75,-34.5,-30.75,-35,-34.75,-30.75,-34.25,-34,-31,-34.25,-34,-29.875,-34.75,-35,-31.25,-33.75,-33.75,-30.375,-37.5,-37,-33.75,-38.5,-38.25,-35,-38.25,-37.75,-34.5,-39.25,-38.75,-36.75,-39,-39,-36.5,-39.25,-39,-37,-42.25,-41.25,-39.75,-42,-42,-39.75,-41.75,-41.25,-39.25,-40.25,-40.25,-37.75,-39.25,-39.25,-37.25,-40,-39.25,-37.75
pluralism,-30.5,-30,-28.25,-29.5,-29,-28.125,-29.5,-29.5,-28.375,-29.5,-29.25,-27.375,-28.75,-28.875,-27.625,-29.25,-28.875,-27.875,-31.375,-31,-29.375,-30.5,-29.625,-28.75,-30.75,-30.125,-29.375,-37.25,-37.75,-34.25,-37,-37.25,-34.25,-37,-37,-34.25,-39.25,-39.25,-36.5,-38.25,-38.5,-36.75,-38,-38,-36,-39,-39,-36,-36.75,-36.75,-34.75,-37.5,-37.75,-34.75
politeness,-28.75,-28.25,-25.125,-28.375,-28,-25.75,-28.375,-28.25,-25.375,-30.125,-29.875,-26.125,-29.875,-30.125,-27.125,-30.125,-29.75,-27.25,-30.875,-31,-26.75,-30.625,-30.75,-27.25,-31.625,-31,-27.75,-38.25,-38,-35.25,-37.5,-37.25,-35.25,-38.25,-38.5,-35.25,-41.5,-41,-38.5,-40.5,-40,-38,-40.75,-40.75,-38.25,-39.5,-39.25,-37.25,-37.5,-37.5,-36,-39,-39,-37
practice,-28.875,-28.25,-25.25,-29.25,-28.75,-25.75,-27.875,-28,-25,-29.375,-29.125,-26.125,-29.5,-29,-26.625,-27.625,-27.25,-25.125,-31.375,-30.875,-29.25,-30.875,-30.625,-29.25,-31.125,-30.625,-28.625,-32,-32,-29.25,-31.5,-31.75,-29.25,-32,-31.75,-29.75,-37.75,-37.25,-34.5,-37,-37,-35,-37.25,-36.75,-35,-33.75,-33.25,-31.125,-31.875,-31.875,-30.5,-33.5,-33.5,-31.25
practices,-33.5,-33.25,-29.625,-33.25,-32.75,-29.875,-33,-33,-29.625,-34,-34,-30.125,-33.25,-33.25,-30.25,-33.5,-33.5,-30.125,-34.75,-34.75,-32,-32.5,-33.25,-31.375,-34,-34.25,-31.875,-34.75,-34.5,-31,-33.75,-33.75,-30.625,-33.75,-33.25,-30,-35.5,-35.5,-32.75,-34.25,-34.5,-32,-35,-34.75,-31.75,-34.75,-34.5,-31.625,-33,-33,-29.625,-33.75,-33.75,-29.5
pride,-22.75,-22.625,-20.25,-24.5,-24.25,-22.25,-25,-24.5,-21.5,-25.125,-25.625,-21.75,-27.375,-27.5,-24.25,-27.125,-27.125,-23.5,-28.75,-29,-25.5,-30.375,-30.75,-27.875,-31,-30.875,-27.625,-26,-25.375,-23.375,-23,-22.625,-20.625,-25,-24.5,-22.125,-25.625,-25.375,-23.5,-23.375,-23,-22.125,-24.875,-24.75,-22.5,-26,-25.5,-24.5,-22.625,-22.625,-21.25,-24.75,-25.125,-22.875
priority,-29.5,-29.75,-27.25,-28.125,-28.875,-26.5,-29,-29.375,-26.875,-29.75,-29.875,-27.75,-28.375,-29,-26.5,-29.25,-29.375,-27.25,-31.375,-31.875,-28.375,-30.75,-31.125,-28.5,-31.125,-31.5,-28.625,-35.5,-35.5,-33.25,-34,-34,-31.625,-35.5,-35.75,-32.75,-38.25,-38.75,-35,-36.5,-36.25,-34.25,-37.75,-37.75,-34.75,-37,-37,-34.75,-34,-34.25,-32,-36.25,-36.5,-33.75
priorities,-29,-28.625,-27.5,-27.25,-27,-26.75,-26.875,-27,-26.5,-28.75,-28.625,-27.875,-27.625,-27.875,-26.75,-27.5,-28,-27,-30.75,-30.5,-29.75,-29.625,-29.625,-29,-30.5,-30.25,-28.875,-33,-33.25,-30.875,-30.875,-31.125,-29.125,-31.875,-32,-29.625,-34,-34,-32.5,-32.5,-32.25,-31.125,-32.75,-32.75,-30.875,-33.5,-34.25,-31.875,-31.25,-31.5,-29.375,-31.875,-32.25,-30
productivity,-28.75,-28.75,-25.5,-28.875,-28.875,-26.5,-28.625,-28.875,-26.25,-30,-30.125,-26.25,-30.625,-30.625,-28.25,-29.625,-29.625,-27.25,-32.25,-33,-29.75,-32.25,-32.5,-30.5,-32.25,-32.75,-30.5,-35.75,-36.25,-32.25,-35.75,-35.75,-32.25,-36,-35.75,-32.5,-38.75,-38.25,-35.75,-38.5,-38.75,-36,-38.25,-38,-35.75,-36.25,-36.25,-33,-34.5,-34.5,-32.5,-36,-36,-33.25
prosperity,-20.625,-20.5,-18.375,-21.625,-21,-20.125,-20.5,-20,-18.625,-22.75,-22.875,-20.125,-24.5,-24.875,-22.75,-23.375,-23.5,-21.75,-21.75,-21.75,-20,-22.875,-23,-21.625,-22.375,-22,-20.75,-41.5,-41.25,-37.75,-40.25,-40.25,-37.25,-41.25,-41.25,-38,-43.25,-43.5,-39.5,-42,-42.25,-39,-42.75,-43,-39.75,-42.5,-42.5,-39.25,-40.25,-40,-37.5,-42,-41.75,-39
public,-33.25,-34,-29.625,-33,-33.25,-29,-33.25,-33.5,-29.5,-33.25,-34.25,-29.5,-33,-33.25,-29.625,-33,-33.25,-29.625,-35,-35.25,-30.75,-33.75,-34,-30.625,-34.75,-35.25,-31.5,-35,-35.25,-30.625,-34.75,-35,-30.625,-35.75,-35.75,-31.25,-37.75,-38.25,-34,-37.25,-37,-33.75,-37.75,-38.5,-34.25,-36.5,-36.75,-33,-35.25,-35,-31.625,-36.75,-36.75,-33
purpose,-14.3125,-14.25,-14.1875,-12.5625,-12.4375,-12.6875,-15.9375,-15.0625,-13.8125,-13.8125,-13.5,-12.875,-12.875,-12.1875,-11.5625,-14.9375,-15,-13.75,-15.75,-15.5,-15.5,-14.4375,-13.9375,-14.75,-16.625,-16.125,-15.9375,-30.875,-31.125,-28.875,-30.75,-30.875,-28.5,-31.25,-31.125,-28.875,-33.5,-33.25,-31.5,-33.25,-33.5,-32,-33,-33,-31.25,-31.625,-32,-30.125,-30.375,-30.125,-29.125,-31.875,-31.5,-29.375
purposes,-29.75,-30,-27.875,-28.875,-28.5,-27.375,-29.875,-29.875,-27.875,-29.5,-29.5,-28,-28.5,-28.25,-26.5,-29.5,-29.375,-27.5,-32,-31.875,-29.75,-29.875,-29.875,-28.875,-31.625,-31.375,-29.375,-34.75,-34.5,-32,-34.25,-34.5,-31.625,-35,-35,-31.625,-37.5,-37.5,-33.5,-37,-37,-34.25,-37.25,-37.75,-33,-36.75,-36.5,-33.25,-35,-35,-32.75,-36.5,-36.5,-33
rationality,-22.875,-22.75,-20.75,-23.25,-22.75,-21.875,-21.625,-20.875,-20.25,-22.625,-22.375,-20,-24,-23.75,-22.375,-21.5,-20.75,-20,-25.625,-25.875,-23.375,-26,-25.375,-24.5,-24.625,-24,-23.25,-35.75,-36,-33,-35.75,-35.25,-33,-36,-36,-33,-38.25,-38,-35.25,-37.75,-37.75,-35.25,-37.5,-37.5,-35,-36,-36.25,-33.75,-34.25,-34.25,-32.25,-35.5,-35.5,-33.25
rebellion,-27.25,-27.125,-24.5,-27.5,-27.25,-25.625,-25.875,-25.875,-24.125,-27.125,-27.25,-24,-27.625,-27.75,-25.625,-25.875,-25.75,-23.875,-31.625,-31.25,-28.875,-32.25,-31.75,-30.125,-31.375,-30.75,-29,-31.75,-32,-28.625,-30.5,-30.25,-27.75,-31.625,-31.625,-28.25,-33,-32.5,-29.375,-31.75,-31.25,-28.875,-32,-31.625,-28.875,-31.75,-31.875,-29,-29.625,-29,-27.625,-31.5,-31.125,-28.375
reciprocity,-23,-22.375,-22.375,-20.75,-20,-21.5,-23.875,-22.875,-22.75,-23.625,-23.25,-21.875,-22.25,-21.5,-22.375,-24.75,-24.125,-23,-24.25,-23.125,-22.875,-22.25,-21.5,-22.125,-24,-23.5,-22.5,-35.5,-35.5,-32.25,-34,-34,-32,-36.25,-36,-32.75,-38.25,-38,-35.5,-36.75,-36.25,-35.5,-38,-37.5,-35.25,-35.75,-35.5,-33,-33,-32.75,-31.75,-36,-35.25,-32.75
relationship,-17.5,-17.375,-16.75,-16,-15.875,-16.25,-17.375,-17.5,-16.75,-17.875,-18,-17.125,-16.75,-16.5,-16.25,-17.75,-17.875,-16.75,-17.75,-17.875,-17.875,-15.5625,-15.4375,-16.75,-17.5,-17.5,-17.375,-29.75,-30.125,-26.75,-29.5,-29.75,-26.75,-30.25,-30.875,-27.5,-31.875,-32,-28.875,-31.125,-31.625,-29.125,-31.875,-32.25,-29,-31.375,-31.375,-28.375,-29.25,-29.875,-27,-31.375,-31.625,-27.875
relationships,-14.9375,-14.9375,-14.5625,-13.875,-13.4375,-13.75,-15.3125,-15.0625,-14.875,-16.375,-16.375,-15.5,-15.1875,-15.375,-15.1875,-16.625,-17,-15.625,-15.5,-15.8125,-15.75,-13.5625,-13.25,-15.375,-15.5,-16,-16.125,-31,-31.375,-28,-29.875,-30,-27.625,-31.875,-31.75,-28.375,-33.25,-33.5,-30.125,-32,-32,-30,-33,-33,-30.375,-31.875,-31.75,-29.125,-29.75,-30,-27.75,-32,-32,-29.25
reliability,-29.75,-29.625,-26.375,-29.5,-29.125,-27.125,-29.875,-29.75,-26.625,-30.75,-30.875,-27,-30.625,-30.625,-28.125,-30.5,-30.25,-27.5,-32.5,-32.5,-29.5,-32.5,-31.625,-30.125,-33.25,-32.25,-30.125,-37,-37.25,-33.25,-36.25,-37,-33.75,-37.5,-37.75,-33.5,-39.75,-40.25,-36,-40,-40.25,-37,-39.5,-40.5,-36.25,-39.25,-39.25,-36,-38.25,-38.25,-35.5,-38.5,-39.25,-35.75
reputation,-31.375,-31.25,-27.75,-30.5,-30.375,-28.125,-29.625,-29.625,-27.25,-29.875,-29.75,-27.25,-28.625,-28.5,-26.625,-28.75,-28.125,-26.375,-33,-33.25,-30.375,-32,-32.25,-30.5,-33.25,-32.75,-30.625,-31.375,-31.25,-28,-30.375,-30.25,-27.375,-31.5,-31.5,-28.25,-32.75,-32.75,-29.875,-32.75,-33,-30.25,-33,-32.75,-30.25,-31.625,-31.25,-28.625,-30,-29.875,-27.625,-31.625,-31.625,-28.625
reputations,-36.75,-37.25,-32.75,-37.75,-37.75,-34.25,-37,-37,-33.25,-36.75,-37.25,-33.25,-37,-37.25,-34,-36,-36,-33,-38.5,-38.75,-34.5,-38.25,-39,-35.25,-38.75,-38.75,-34.75,-35.25,-35.5,-32,-34.25,-34.5,-31.75,-35.5,-35.5,-32,-37,-37,-34,-36.75,-36.75,-34,-36.75,-36.75,-33.75,-35.75,-35.75,-33.5,-34,-34,-31.75,-35.5,-35.25,-32.5
request,-28.375,-28.875,-26.875,-28.75,-28.75,-26.75,-28.25,-28,-26,-28.25,-28.375,-26.5,-28.25,-28.625,-26.5,-27.75,-27.625,-25.625,-31,-30.625,-28.5,-30.25,-30.625,-28.375,-31,-30.75,-28.625,-30.5,-31,-26.75,-30.875,-31.25,-27.375,-31,-31.125,-27.75,-34,-34,-30.25,-33.75,-33.75,-30.75,-33.25,-33.75,-29.5,-32.25,-32.25,-28.625,-31.125,-31.25,-28.375,-31.75,-32.25,-28.375
requests,-31.125,-31.625,-28,-31.375,-31.625,-28.625,-30.5,-30.875,-28.125,-30.875,-31.375,-28.25,-31.25,-31.75,-28.75,-30.625,-31,-28.125,-33.25,-33.75,-30.375,-33.25,-33.25,-29.875,-33.25,-33.5,-30,-34.25,-34.75,-30.75,-33.75,-34.25,-30.875,-33.75,-34.25,-30.375,-36.75,-37,-33.25,-36.25,-36.75,-33.75,-36.5,-36.75,-33,-36,-36,-32.5,-34.25,-34.75,-32,-35,-35.25,-32.25
resilience,-21.625,-20,-18.75,-20.625,-19.5,-18.75,-19.375,-18.5,-17.25,-19.875,-19.125,-17,-19.125,-18.125,-17.625,-18.125,-16.875,-16.625,-23.375,-22,-21.125,-22.875,-21.625,-22,-22.125,-20.875,-20.75,-39.5,-39.25,-36.75,-39.25,-39.25,-37.5,-39,-39.5,-36.75,-42.25,-42.25,-39.25,-41.75,-41.75,-40,-41.5,-41.75,-38.5,-40.75,-40.5,-37.75,-39.25,-39.25,-37.25,-39.5,-39.5,-37.25
resolution,-28.5,-28.125,-26,-28.875,-28,-26.75,-28.25,-28.125,-25.875,-28.375,-27.875,-26,-27.625,-27.5,-25.75,-27.125,-26.75,-25.125,-29.125,-29,-26.875,-29,-28.5,-27.75,-28.75,-28.375,-26.75,-32.75,-32.75,-29.75,-32.25,-32.25,-30.125,-32.5,-32.5,-30,-36,-36,-33,-35.5,-36,-33.25,-35.5,-35.5,-32.75,-34.25,-34,-31.5,-32.5,-32.25,-31.125,-33.5,-33.25,-31.25
responsibility,-32,-31.75,-28.875,-30.25,-29.875,-27.625,-31.125,-31.125,-28.125,-29.125,-28.125,-26,-26.5,-26.125,-24.25,-27,-26.5,-24.25,-31.875,-31.625,-28.875,-29.25,-28.75,-27,-30.5,-30,-27.625,-29.875,-30,-26.625,-28.5,-29,-25.625,-30.75,-30.875,-27.75,-34.75,-34.75,-31.75,-33.25,-33.25,-30.375,-35.5,-35.25,-32,-30.625,-30.5,-28.125,-28.25,-27.625,-25.875,-30.625,-30.25,-28.125
responsibilities,-37.5,-38,-34.75,-37,-37.5,-34.25,-37.75,-38,-34.75,-37.25,-37.5,-33.75,-35.75,-36,-33,-37,-37,-33.5,-38.75,-39.25,-35.75,-38,-38.25,-35.25,-38.5,-38.75,-35.75,-32.25,-32,-29,-30.875,-30.625,-28.375,-32.5,-32.5,-29.75,-36.5,-36,-33.5,-35,-34.75,-32.5,-36.75,-36.25,-33.25,-34.5,-34.5,-31.75,-32,-31.875,-29.5,-34.5,-34,-31.625
reward,-21.875,-21.625,-20.5,-22.125,-21.5,-21.25,-23.125,-23.25,-21.625,-23.875,-24.375,-21.75,-24.625,-24.625,-23.375,-25.625,-25.375,-23.5,-23,-23.25,-20.875,-23.25,-23.75,-22.125,-24,-24.625,-21.5,-37.25,-37.5,-34.25,-36.25,-36.25,-34,-37,-36.75,-34.25,-39.75,-40,-36.75,-39,-38.75,-36.5,-38.5,-38.75,-35.75,-39,-39,-35.75,-36.75,-36.75,-35,-38.5,-38.25,-35
rewards,-25.125,-25.375,-22.875,-26,-25.75,-24.125,-26.875,-27.25,-24.625,-27.625,-28.25,-24.875,-28.125,-28.625,-25.625,-28.875,-29.25,-26.75,-27.125,-27.375,-24.875,-27.5,-28.125,-25.625,-28.125,-28.375,-26.125,-38.75,-38.75,-34.75,-37.5,-37.25,-34.5,-39,-38.75,-34.75,-40.5,-40.75,-37.25,-39.5,-39.75,-37.25,-39.75,-39.75,-36.75,-40.25,-40.5,-36.75,-38.25,-38,-35.5,-39.5,-39.25,-36.25
risk,-29.625,-29.875,-26.75,-30.625,-30.25,-27.75,-29.625,-29.5,-26.5,-29,-29,-25.625,-30.125,-29.875,-27.125,-28.75,-28.125,-25.375,-34,-33.25,-31.125,-34.5,-34.25,-32.25,-34,-33.5,-31.5,-30.625,-31,-27.625,-29.25,-29.875,-27.25,-31.125,-31.375,-27.75,-33.75,-34,-29.875,-31.75,-32.5,-29.25,-33.5,-33.75,-29.625,-31.5,-31.875,-28.625,-29,-29.375,-27.625,-31.625,-31.875,-28.5
risks,-32.5,-33,-29.375,-33.5,-33.75,-30.375,-32.5,-32.75,-29.125,-33,-32.75,-29.25,-33.75,-33.75,-30.875,-32.5,-32.25,-29.25,-36,-35.5,-32.25,-36,-36.25,-33.5,-35.75,-35.25,-32.75,-34.25,-34.75,-30.625,-33,-33.5,-30.375,-34,-34.25,-31,-36.25,-36.25,-32.5,-34.75,-35.25,-32.25,-35.5,-35.5,-32.25,-35,-35.25,-31.875,-32.75,-33,-31,-34.25,-34.25,-31.5
ritual,-27.25,-26.875,-24.5,-27.5,-27.125,-25.75,-27.75,-27.25,-26.125,-28.625,-28.875,-26,-29.625,-29.875,-27.75,-29.125,-28.875,-27.5,-31.75,-31.5,-29.25,-32.5,-32,-31,-32.5,-32.25,-30.875,-34.75,-35,-31,-34,-34.5,-31.25,-34.75,-35,-31,-36.75,-36.75,-34.25,-37.75,-37.75,-34.5,-36.25,-36.25,-32.75,-34.5,-35,-31,-33.5,-33.75,-30.5,-33.75,-34,-30.625
rituals,-30.125,-29.875,-26.25,-30.125,-29.75,-27.5,-31,-31.125,-28.5,-32.25,-32.75,-28.375,-33,-33.25,-30.5,-33.25,-33.5,-30.375,-34,-34.5,-31,-34.75,-34.5,-32.5,-36,-35.5,-33.25,-38.75,-39.25,-34.5,-38.25,-38.5,-34.75,-39,-39.25,-34.5,-41.5,-41.25,-37.5,-41.75,-41.25,-38.25,-40.5,-40,-36.75,-38.75,-39,-35,-37.75,-37.25,-34.75,-38.75,-38.25,-35
roommate,-33.5,-33.75,-30.125,-33.75,-34.25,-31,-34.75,-35.25,-31.875,-34.75,-36,-31.5,-34.75,-35.5,-32.25,-35.75,-36.25,-32.75,-36,-36,-33,-36.25,-36.25,-33.5,-36.75,-37.75,-34.5,-31,-31.375,-27.5,-30.875,-31.125,-27.625,-31.875,-31.625,-28.375,-34,-33.75,-30.875,-34.25,-34,-31.5,-34.75,-34,-31.625,-31.875,-32.25,-29,-31,-30.875,-28,-32.25,-32.25,-28.75
roommates,-34,-34,-30.5,-34.75,-34.75,-32.25,-35.25,-35.75,-31.875,-35.5,-35.75,-31.75,-35.75,-36.25,-33,-36.75,-36.75,-33.25,-36,-36.25,-33.25,-37,-37,-34.25,-37.75,-38,-34.75,-32.5,-32.75,-28.875,-32.5,-32.5,-29.5,-33.25,-33,-30.125,-34.75,-34.5,-32.25,-35.5,-35.5,-33,-35.5,-35.5,-33,-33.5,-33.25,-30.25,-32.25,-32,-29.375,-33.75,-33.25,-30.375
sacrifice,-24.375,-24.25,-21.5,-23.375,-22.625,-20.625,-22,-21.625,-19,-20.625,-19.625,-17.625,-18.75,-18.25,-16.25,-17.25,-16.875,-15.5,-23.25,-22.75,-19.75,-21.125,-21,-18.625,-20.75,-20.375,-17.875,-25,-24.75,-22.5,-24.375,-23.75,-21.625,-25.375,-25.25,-22.75,-29.5,-29.75,-26.5,-29,-28.875,-26.375,-29.125,-28.75,-26.5,-24.625,-24.125,-22.75,-22.875,-22.125,-20.75,-24.875,-24.625,-22.5
sacrifices,-29.375,-29.375,-26,-28.125,-28.875,-25.625,-27.5,-27.625,-24.75,-26.75,-26.375,-23.25,-26,-25.625,-22.875,-24.625,-24.875,-21.75,-28.75,-29.125,-25,-28,-27.875,-24.125,-27,-27.25,-23.625,-29.875,-30.25,-27,-29.125,-28.5,-26.125,-30.875,-30.75,-27.5,-33,-32.5,-29.875,-31.625,-32,-30,-32.5,-32,-29.5,-29.75,-29.375,-26.75,-27.75,-27.25,-25.875,-29.875,-29.5,-27
self,-24.125,-23.875,-21.375,-24,-24.25,-21.125,-23.75,-24,-21.25,-23,-23.25,-21.25,-23.625,-23.375,-21.25,-23.125,-23,-20.5,-24.75,-25.25,-22.5,-25.375,-25.75,-23.125,-24.875,-25.25,-23,-25.625,-25.5,-22.125,-23.75,-23.75,-20.75,-25.75,-25.5,-22.5,-27,-27.125,-24.375,-25.125,-25,-22.875,-26.125,-26.5,-23.5,-24.875,-24.875,-22.75,-22.375,-22,-20,-24.75,-24.625,-22
self-control,-31.375,-30.625,-27.375,-30,-28.875,-27.5,-30,-29,-26.5,-29,-28.75,-26.375,-27.5,-27,-25.75,-27.875,-27.5,-25.375,-31.125,-30.375,-28.375,-30.375,-29.875,-28.75,-30.125,-29.75,-28.5,-36.5,-37,-34,-35.75,-36,-33.5,-37.75,-37.5,-34.75,-39.5,-40,-36.75,-39,-38.75,-36.5,-40,-40.25,-36.75,-38,-38.25,-36,-36.75,-36.5,-35,-38.5,-38.5,-36
self-respect,-24.375,-23.875,-22.375,-23.375,-22.875,-22.75,-24,-23.625,-22.5,-24.5,-24.375,-22.75,-23.375,-23.25,-22.875,-24.5,-24.25,-22.875,-25.5,-24.5,-23.375,-24.75,-24.5,-23.875,-25.125,-24.625,-23.875,-36.25,-36.5,-33.25,-35.25,-35.25,-32.5,-36,-36.5,-33.25,-38.5,-38.5,-35,-37.5,-37.75,-35,-38,-38.25,-34.75,-38.25,-38.25,-35.25,-36.25,-36.75,-34,-37.5,-38,-34.5
selflessness,-19.125,-18,-16.875,-17.125,-16.625,-15.9375,-18,-17.5,-16.125,-17.25,-16.375,-15,-15.6875,-15.1875,-14.5,-16.625,-16.25,-15,-17.875,-16.875,-15.875,-15.625,-14.25,-14.375,-16.375,-15.5,-14.625,-36.5,-36.5,-33.5,-35.5,-35.75,-32.5,-36,-36.5,-33.75,-39.25,-39.5,-36.75,-38.25,-38.5,-35.75,-39,-39,-36.5,-38.25,-38.25,-35.5,-36,-36.25,-33.75,-38,-38,-35.5
service,-27.75,-27,-25.75,-23.75,-23.5,-21.625,-26.375,-25.75,-24.125,-24.25,-23.625,-22.125,-19.625,-19.375,-17.875,-22.625,-22.125,-20.25,-24.625,-24,-23.375,-19.625,-19.125,-19.625,-23,-22.625,-21.625,-34.5,-34.75,-31.375,-34.5,-34.75,-31.5,-34.75,-35.25,-31.375,-37.75,-38,-34.25,-37.75,-38,-34.5,-37.25,-37.75,-34,-37,-38,-34,-36.25,-36.5,-33.25,-36.75,-37.5,-34
services,-32,-32.75,-29.75,-31.875,-32,-29.875,-32.5,-33,-29.75,-32.5,-33,-29.5,-32,-32,-29.25,-32.25,-32.5,-29.625,-33.75,-34.25,-30.75,-32.25,-32.5,-29.875,-33,-33.25,-30.5,-36.5,-36.75,-33.5,-35.5,-36.5,-33.25,-36.5,-37,-33.5,-39.5,-39.75,-36,-38.75,-39.25,-36,-38.5,-39,-35.5,-37.5,-38.5,-34.75,-36.25,-37,-34,-37.25,-37.5,-34.25
significance,-24.25,-23.125,-23.625,-22.875,-22,-22.625,-24.75,-24.125,-23.5,-23.375,-22.625,-22.375,-23.125,-22.25,-22.875,-24.25,-23.25,-23.25,-24.625,-23.625,-24.5,-24.25,-23.625,-24.875,-25.875,-24.625,-25.375,-32,-32,-29.25,-30.75,-30.125,-28.25,-30.875,-31,-28.375,-34.25,-34.5,-32.25,-33.75,-33.5,-31.625,-32.75,-32.75,-30.75,-32.25,-32.25,-30.625,-30.125,-29.75,-29,-31.25,-31,-29.375
sincerity,-20.875,-19.875,-19.25,-19.25,-18.25,-18.875,-20.5,-19.875,-19.625,-21.75,-21.125,-20.125,-20.5,-20.125,-20,-22,-21.5,-20.5,-22.375,-21.5,-21.125,-20.125,-19.625,-19.75,-22.125,-21.5,-21,-34.5,-34.75,-32.25,-33.5,-33.25,-31.375,-34.25,-34.5,-31.875,-37.25,-37.25,-34.75,-36.75,-36,-34.5,-37,-36.75,-34.5,-34.75,-34.5,-33.5,-32,-32.25,-31.25,-34.75,-34,-32.5
skill,-28.375,-28.125,-25.25,-28.125,-28,-25.875,-27.375,-27.25,-25.125,-28,-28.625,-25.125,-28.625,-29.125,-26.625,-27.375,-27.625,-25.125,-31.75,-31.75,-29.125,-31.25,-31.25,-29.5,-31.125,-31.125,-28.875,-35.5,-36,-32.5,-35.25,-35.5,-32.75,-35.5,-36,-32.75,-39.25,-40,-35.75,-38.75,-39,-36.25,-38.75,-39.75,-35.75,-37.5,-37.75,-34.5,-36,-36.5,-34,-37.25,-37.5,-34.25
skills,-28.625,-29,-25.625,-29,-29.25,-26.625,-28.625,-28.875,-26.125,-29.25,-29.875,-25.875,-30,-30.125,-27.5,-29.125,-29.25,-26.5,-32.25,-32.5,-29.25,-32,-32.25,-29.625,-32.25,-32,-29.625,-36,-36.75,-33.5,-35.75,-36,-33,-36.5,-36.75,-33.25,-39.75,-39.75,-36,-38.5,-39.25,-36.5,-39.25,-39.5,-36,-37.75,-38,-34.75,-36,-36.25,-33.5,-37,-37.5,-34.5
society,-26.875,-26.5,-24.75,-25,-25,-23.625,-25.75,-25.625,-24.5,-25.5,-25,-23.625,-24.375,-24.25,-23.125,-24.25,-24.375,-23.5,-27,-27.125,-25.625,-25.625,-25.375,-24.25,-26.25,-25.75,-24.375,-26.5,-27,-23.75,-25.875,-26,-23.125,-27,-27.25,-24.25,-29,-29.375,-26.125,-27.875,-28.125,-25.625,-28.5,-28.625,-25.5,-27.25,-27.875,-25,-25.875,-26.125,-23.875,-27.875,-27.875,-24.5
societies,-32.75,-33,-29.875,-32.25,-32.5,-30.125,-32,-32.5,-29.875,-32.5,-32.5,-29.75,-32.5,-33,-30.375,-31.75,-31.875,-29.875,-33.5,-33.5,-30.625,-32.5,-32.75,-30.75,-33,-33.5,-30.75,-33.75,-34.25,-30.5,-32.75,-32.75,-29.625,-33.5,-34,-30.125,-34.5,-35,-32,-34,-34.25,-31.5,-33.75,-34.5,-31.25,-34,-34.75,-31.625,-33,-33.25,-30.625,-33.5,-33.75,-30.5
solidarity,-20.5,-19.25,-19.125,-18.5,-17.5,-17.875,-19.375,-18.625,-18.125,-20,-19.125,-18,-18.25,-17.875,-17.75,-19.875,-19.5,-18.125,-20.5,-19.5,-19.375,-17.875,-16.375,-18.5,-19.5,-18.625,-18.875,-37.5,-38,-35.25,-37.5,-38,-35.25,-38,-38.5,-35.5,-40.25,-40.5,-37.75,-40,-40.5,-38,-40.25,-40.5,-38,-38.75,-39.5,-36.5,-37.75,-37.75,-35.75,-38.5,-39,-36.5
sorority,-34,-34,-30.875,-34.75,-35,-31.875,-34.5,-34.75,-31.875,-34.5,-35,-31.5,-35,-36,-32.75,-35,-35.25,-32.5,-35.75,-36,-33.25,-36,-36,-34.25,-36.75,-36.75,-34,-36.75,-37.25,-33.75,-37.25,-38,-34.5,-37,-37.25,-34,-39.25,-39.5,-36.5,-40,-40,-37.75,-39.5,-39.25,-37,-38.5,-39,-35.75,-38,-38,-35.5,-38.75,-39,-36
sororities,-37.5,-38.5,-34.75,-39,-39,-36,-38.75,-39,-35.75,-38.75,-38.75,-35.25,-39.75,-39.75,-36.5,-38.5,-39,-35.5,-40.5,-40.75,-37.25,-40.75,-41,-38.25,-41,-41.5,-38.25,-39.25,-39.5,-36.25,-39.5,-39.75,-36.75,-39.5,-39.75,-36.75,-41.25,-41.75,-39,-42.25,-41.5,-40,-41.75,-41.5,-39,-40.5,-41,-38.5,-40.25,-39.75,-37.5,-40.5,-40.75,-38
squad,-23.375,-23.875,-21.875,-25.25,-26.125,-24,-25.875,-26.125,-24.625,-26.125,-27,-23.625,-28.5,-29,-26.25,-28.125,-28.625,-26.625,-29.5,-30.125,-27.5,-31.25,-31.875,-29.125,-32,-32.5,-30.25,-34.75,-34.25,-31.875,-33.75,-34.25,-31.875,-35,-34.75,-32.25,-38.25,-38.25,-35,-38.25,-38.25,-34.75,-38.25,-38,-34.75,-36.25,-36,-33.5,-34.5,-34.5,-32.5,-36.25,-35,-33.25
struggle,-30.25,-30.125,-27.625,-29.375,-29.25,-27.25,-28.5,-28.125,-26.375,-28.25,-27.25,-25.75,-27.375,-26.875,-25.875,-25.625,-25,-24.25,-33.25,-32.25,-30.875,-32.25,-31.625,-30.625,-31.75,-31.125,-30.125,-23.125,-22.875,-21.125,-22.25,-22.375,-20.375,-23.875,-23.625,-21.25,-27.75,-27.25,-25.625,-26.5,-26.5,-24.75,-27.25,-27.25,-25.25,-24,-23.75,-21.875,-22.125,-21.75,-20.125,-24.125,-23.875,-21.375
struggles,-33.75,-34,-31.5,-33.75,-33.5,-31.75,-33.25,-32.75,-30.875,-33,-32.75,-30.625,-32.5,-32.25,-30.875,-31.375,-30.75,-29.375,-36.5,-36,-33.75,-36,-36,-34,-36,-35.75,-33.75,-27.5,-27.75,-25.75,-26.625,-26.375,-25.25,-27.75,-28.125,-25.875,-31,-30.875,-29.125,-29.625,-29.125,-27.875,-30.25,-30.5,-28.25,-27.625,-28,-26.625,-26.375,-26.125,-25,-28,-28.125,-26.125
success,-19.875,-19.875,-18.25,-21.5,-21.75,-20.375,-20.875,-21,-19.875,-22.625,-23.125,-20.25,-24.75,-24.875,-22.75,-23.5,-24.125,-22.25,-23.875,-24.875,-22.375,-26.25,-26.75,-24.75,-25.75,-26,-23.875,-37.75,-38.5,-35.75,-37.25,-37.5,-34.25,-39,-39,-36,-40.5,-40.25,-38.5,-39.25,-39.5,-37,-40.5,-40.25,-37.75,-39,-38.5,-36.5,-36.75,-37,-34.75,-38.5,-39,-36.25
successes,-27.75,-27.75,-26.25,-28.25,-27.875,-27.125,-28.625,-28.625,-27.75,-30,-30.25,-27.875,-30.875,-31.375,-29.125,-31.125,-31.5,-29.375,-29.5,-30,-28.25,-29.875,-30.25,-29.25,-30.5,-30.75,-28.75,-41.5,-41.5,-38.75,-40.75,-41,-38.25,-41,-41.5,-38.75,-43.25,-43.75,-40.75,-42.75,-43.25,-40.5,-42.25,-43,-40.25,-42.5,-42.75,-40,-40.75,-41,-38.75,-41.75,-42,-39.75
support,-24.75,-24.375,-23.5,-21.875,-21.5,-21.625,-26.5,-26,-24.375,-26,-25.75,-23.875,-23,-22.625,-21.75,-26.75,-26.25,-24.75,-25.875,-25.75,-23.75,-22.625,-22.25,-22.5,-26.5,-26.25,-24.5,-35.5,-36,-32.25,-34.75,-35,-32.75,-35,-35.75,-32.25,-38.5,-39.25,-34.75,-37.75,-38.75,-34.75,-37.25,-38.5,-34,-37.5,-38,-34,-36.25,-36.25,-33.75,-36.5,-37.5,-33.25
sympathy,-29.5,-29.875,-26.375,-28.75,-28.625,-25.75,-29,-29,-25.875,-29.875,-29.75,-26.75,-27.25,-26.875,-25.625,-28.625,-28,-25.875,-29.625,-29.375,-26.5,-26.5,-26,-24.5,-28.25,-27.25,-25.25,-32,-31.875,-29.375,-31.125,-30.875,-28.875,-32.5,-32.5,-29.5,-35,-34.5,-32.5,-34,-33.5,-32,-34.75,-34.75,-31.875,-33.25,-33,-30.75,-30.875,-30.5,-29.625,-32.75,-32.5,-30.375
teacher,-26.25,-25.5,-22.375,-26.25,-25.875,-23.375,-26.375,-26.25,-23,-26.5,-26.125,-23.125,-26.75,-26.375,-23.625,-26.25,-25.25,-23,-27.75,-27.625,-24.625,-27.875,-27.875,-25.125,-28.875,-28.5,-25.875,-34.75,-35.25,-31.375,-35.25,-35.5,-32.25,-35.5,-36,-32.25,-38.25,-38.25,-34.75,-38.25,-38.5,-35.5,-38.25,-38.5,-34.5,-36.25,-36.75,-32.75,-35.5,-35.75,-32.5,-36.5,-36.5,-33.25
teachers,-26.875,-26.875,-23.875,-26.625,-26.5,-23.5,-27,-26.875,-24,-27.375,-27.375,-23.875,-27.25,-27,-24.25,-26.875,-27,-24.25,-28.25,-28.125,-26,-27.75,-27.5,-25.5,-29,-28.25,-26.25,-35,-35.75,-31.625,-35.5,-36,-32.25,-36,-36.25,-32.5,-37.5,-38,-34.25,-37.75,-37.75,-35,-37.75,-38,-34.75,-36.5,-36.75,-33,-35.75,-36,-33,-36.5,-36.25,-33
team,-26.25,-27,-23.5,-26,-26.5,-23.5,-27.875,-28.375,-25.5,-27.75,-28.25,-24.625,-27.875,-28.25,-25.25,-29,-29.25,-26,-30.375,-30.625,-28.25,-30.25,-30.75,-28.75,-31.875,-32.25,-29.5,-33.75,-34,-30.5,-33.5,-33.75,-30,-34.75,-34.75,-31.125,-37.5,-37.5,-34.25,-37.25,-37.25,-34,-37.5,-37.5,-34.25,-35.25,-35,-32,-33.5,-33.25,-30.625,-35.25,-35.5,-32.25
teams,-30.25,-30.625,-26.375,-30.25,-30.25,-27.25,-31,-31.25,-27.75,-31.5,-32.25,-28,-31.875,-32.5,-29.375,-31.875,-32.5,-29.25,-34.25,-33.75,-30.75,-33.5,-34.25,-31.125,-34.25,-34.5,-31.125,-30.625,-30.875,-26.25,-31.25,-31.5,-28.125,-31.625,-32.5,-28.625,-35.25,-35,-31.25,-36.25,-36.5,-32.25,-35.5,-35.75,-32,-33.75,-34,-30.125,-32.5,-32.75,-29.5,-33.5,-33.5,-30.5
teamwork,-26.625,-27,-24,-26,-26.125,-24.25,-26.5,-27,-24.5,-26.875,-27.125,-23.5,-26.25,-26.5,-24,-26.625,-26.875,-25,-28.875,-28.875,-26.375,-28.25,-28.125,-26.625,-29.375,-29.125,-26.625,-32.5,-32.5,-29.75,-32.75,-32.75,-30.125,-33.75,-33.75,-30.75,-36,-36,-33.75,-36.5,-36.5,-34.5,-37.25,-36.75,-35.25,-33.5,-33.75,-31.625,-32.75,-32.25,-30.625,-34.5,-34,-32
tenacity,-25.75,-24.75,-22.25,-25.125,-24.625,-23,-24,-23.25,-21.5,-24.5,-23.375,-21.5,-23.875,-23.25,-22.375,-22.75,-22.25,-20.875,-28.125,-27.75,-25.875,-28.125,-27.125,-26.25,-27.75,-26.875,-25.625,-35,-35.25,-32.5,-34.25,-33.75,-31.875,-35,-34.75,-32.75,-38.25,-37.75,-35.5,-37,-36.5,-35,-37.25,-37.25,-35,-35,-34.25,-33.25,-32.25,-32,-31.5,-34.5,-33.75,-32.75
thought,-20.25,-20.25,-19.5,-20.25,-19.875,-20.375,-19.375,-19,-19,-17.25,-17.125,-18.25,-19.125,-18.625,-19.75,-17.25,-16.5,-17.5,-23.125,-22.5,-22.625,-23.625,-23.375,-23,-22.75,-22.625,-21.875,-26.375,-26.125,-23,-25.125,-24.875,-22.75,-26.125,-26.5,-23.25,-28.375,-28.5,-25.625,-27.125,-27.125,-25.125,-28.25,-28.125,-25,-25.5,-25.25,-22.625,-23.25,-23,-21.25,-25.875,-25.25,-22.375
thinker,-28.875,-28.875,-27.75,-28.875,-28.875,-28,-28.75,-28.875,-27.875,-28.875,-29.375,-27.75,-29.25,-29,-28.25,-29,-28.5,-28,-31.875,-31.625,-30.25,-31.625,-31.625,-30.25,-32,-31.5,-30.375,-34.75,-35,-32.25,-34,-34.5,-31.625,-35,-35.5,-32.25,-37.75,-37.75,-34.5,-37,-37.25,-34,-37,-37.75,-34,-36,-36,-33.25,-34.25,-34.5,-32,-35.25,-36,-33
tradition,-28.75,-28.625,-26,-28.875,-28.25,-26.5,-28.5,-28.25,-25.875,-29.125,-29.375,-26.375,-29.875,-29.75,-27,-29.125,-29,-26.5,-31.875,-31.75,-29.5,-31.875,-32,-30,-32.5,-32.25,-29.625,-35.75,-35.5,-33.25,-35.5,-35,-32.25,-35.5,-35.5,-32.25,-37.5,-37,-35.25,-36.75,-36.75,-34.5,-36.75,-36.5,-34,-36,-35.5,-33.75,-34.5,-34.25,-32.25,-35.25,-35,-32.25
traditions,-30.875,-30.25,-27.875,-31.25,-30.75,-28.75,-30,-30.625,-28,-31.75,-31.875,-29.125,-32.25,-32.25,-30.125,-31.75,-31.75,-29,-33.25,-33,-31.125,-33.75,-33.5,-31.875,-33.75,-33.5,-31.375,-40,-40,-37,-38.75,-39.25,-37,-39,-39,-35.75,-41,-40.5,-38.75,-40.5,-40,-38.5,-39.5,-39.5,-37,-39.75,-39.5,-37.25,-38.5,-37.75,-36.25,-39.25,-38.75,-35.25
treatise,-33.75,-33.5,-31,-33.5,-33.5,-31.75,-33,-33,-30.875,-33.75,-34.25,-31.375,-34.25,-34.5,-32.75,-33.25,-33.25,-31.625,-36.25,-36.5,-33.75,-36.5,-36.5,-34.5,-36.5,-36,-34,-37.25,-37.75,-34.5,-36.5,-36.5,-34.75,-37.5,-37.25,-34.5,-41,-41.25,-37,-40,-40,-37.5,-40.25,-40.75,-37,-40.25,-40.5,-36.75,-38,-38,-36.25,-38.75,-38.75,-36.25
treatises,-34,-34.5,-31.25,-34.75,-34.75,-32.25,-34.75,-34.75,-31.875,-35.25,-35.25,-32.25,-36.25,-36.25,-33.75,-35.75,-35.75,-33.25,-37.5,-38,-34.25,-38.25,-38.5,-35.75,-38.25,-38,-35.25,-38.25,-38.25,-34.5,-37.75,-38,-35,-39,-38.75,-34.75,-41.75,-41.75,-37.75,-41.5,-41.25,-38.25,-41.25,-41.5,-37.5,-40.75,-40.75,-37,-38.5,-38.75,-36.25,-40.25,-40,-36.5
treaty,-32.25,-33,-29.125,-32.75,-32.75,-30.125,-31.625,-31.875,-29.25,-33,-33.5,-30,-33.75,-34.75,-31.25,-32.75,-33.5,-30.5,-33,-33.5,-30.25,-33.75,-34.25,-30.375,-32.75,-32.75,-29,-37.75,-38.25,-34.25,-37.75,-38,-34.5,-36.5,-36.75,-32.75,-39.25,-39.75,-36.25,-40,-40.5,-37,-37.5,-38.25,-34,-38.75,-39.25,-35.75,-37.75,-38,-35.25,-37.5,-37.75,-34.25
tribe,-28.25,-28.375,-25.875,-28.875,-28.75,-26.5,-30,-30.25,-27.625,-29.875,-30.125,-27.25,-30.75,-31.125,-28.5,-31.375,-31.25,-28.625,-31.625,-31.875,-29.5,-32.25,-32.5,-30.625,-33.25,-33,-31.625,-36.75,-37,-34,-35.75,-36,-33.75,-36.5,-36.75,-34,-38.5,-38.25,-36,-37.75,-37.5,-35.75,-38,-37.75,-35.75,-37,-37,-34.5,-35.5,-35.25,-33.75,-36.5,-36.5,-34
tribes,-32.75,-33.25,-29.125,-33.75,-33.75,-30.375,-33.75,-34.25,-30.375,-34.25,-34.5,-30,-34.25,-35.25,-31.625,-34.75,-35,-31.75,-36.75,-36.75,-33.25,-36.75,-37,-34.25,-37.25,-37.25,-34.5,-37.5,-38,-34.75,-36.75,-37,-34.5,-37.25,-37.5,-34.25,-39.25,-39.5,-36.25,-38.75,-38.75,-36.25,-38.75,-38.5,-35.5,-38.25,-38.25,-35.25,-36.5,-36.75,-34.5,-37.75,-37.75,-34.5
triumph,-17.875,-16.875,-17,-20,-19.625,-19.25,-18.25,-17.125,-17.25,-18.5,-17.875,-17.5,-21.875,-21.75,-20.125,-18.75,-18,-18.125,-21.5,-20.875,-20.125,-24.5,-24.5,-23.875,-22.5,-21.375,-20.5,-37.5,-38,-34.75,-35.5,-35.5,-33.75,-36.75,-36.5,-34.5,-40,-40,-37.25,-38.25,-38,-36.75,-38.5,-38.75,-36.5,-37.5,-36.75,-35.5,-34,-34.25,-33.5,-35.75,-35.5,-34.25
triumphs,-27.375,-26.625,-25,-28.75,-28.375,-26.5,-28,-27.25,-25.625,-28.375,-28.25,-26,-30.125,-30.375,-27.75,-28.75,-28.75,-27.125,-29.375,-29.125,-26.5,-30.625,-30.75,-28.625,-30.625,-29.875,-27.25,-40.5,-41.25,-37.25,-39.75,-40,-36.75,-40,-40,-37.25,-43.25,-43.25,-39,-41.5,-41.75,-39.25,-41.25,-41.75,-38.75,-41.5,-41.75,-38.25,-39.25,-39.25,-37,-39.75,-40.5,-37.25
trust,-21.875,-21.125,-19.125,-20.125,-19.75,-18.75,-23.25,-22.875,-19.625,-22.375,-21.875,-19.25,-20.375,-20.125,-18.875,-22.75,-22.5,-19.5,-22.375,-21.375,-20.375,-19.625,-18.625,-19,-22,-21.75,-20.25,-28.125,-28.125,-24,-27.375,-27.5,-23.75,-28.125,-28,-24.25,-30.25,-29.75,-26.625,-29.625,-29.375,-26.625,-29.5,-29.25,-26.25,-28.75,-28.625,-25.625,-27,-26.875,-24.5,-28.5,-28.375,-25.125
trustworthiness,-26.5,-26.25,-24.375,-25.125,-24.75,-23.75,-27.125,-26.875,-24.375,-27.125,-26.625,-24.25,-26.125,-25.75,-24.5,-27.75,-27.125,-25,-27.125,-26.875,-25.125,-25.75,-25.125,-24.875,-26.625,-26.375,-25.125,-37.25,-38.5,-34.75,-36.5,-36.75,-34,-38.25,-38.5,-34.5,-40,-40.25,-36.75,-38.25,-38.5,-36,-39.25,-40,-36.5,-40,-40,-36.75,-38,-38.25,-35.5,-39.5,-40,-36.5
truth,-18.375,-17.625,-17.125,-17.75,-16.875,-16,-17.625,-17.25,-15.9375,-16.25,-15.9375,-14.75,-15.6875,-15.4375,-14.5625,-15.375,-15.125,-13.3125,-19.375,-19,-17.875,-18.375,-18,-17.875,-18,-17.625,-17.125,-27.125,-26.625,-24.875,-26.25,-26.125,-24.5,-28.5,-28.625,-26.125,-30,-30.5,-28.125,-30.5,-30.25,-28.5,-31.25,-31.625,-28.75,-25.625,-25.125,-24.375,-24.125,-23.625,-22.875,-26.625,-26.375,-25.125
truths,-27,-26.75,-25.25,-25.75,-25.625,-24.5,-26.25,-26,-24.75,-26.5,-26.375,-24.375,-26,-25.75,-24.75,-25.375,-25.625,-23.5,-28,-27.625,-26.75,-26.625,-26.5,-25.75,-27.125,-26.625,-25.75,-31.875,-32.25,-29.375,-31,-31.125,-29,-33.5,-33.25,-30.25,-34.75,-35,-32.25,-34.25,-34.5,-32.25,-35,-35.5,-32.5,-30.875,-30.5,-29.125,-29,-28.125,-27.75,-31.625,-31.625,-29.75
truthfulness,-22.125,-21.5,-20.5,-21.375,-21,-20.625,-21,-20.5,-19.625,-22,-21.125,-20.375,-21.75,-21.25,-20.75,-20.875,-20.625,-20.125,-23.25,-22.625,-21.375,-21.75,-21.375,-21.125,-22,-21.25,-20.75,-34.75,-35.25,-32.25,-34,-34.75,-32.25,-35.5,-36,-32.75,-38.5,-38.5,-35.25,-37.75,-38,-35.5,-38.25,-38.5,-35.25,-34.75,-34.5,-33.25,-33.25,-33.5,-32.25,-34.75,-35,-32.75
unanimity,-27.875,-27.625,-26.75,-28.25,-28.375,-27.25,-27.625,-27.5,-26.625,-28.5,-28.625,-26.75,-29.125,-29,-27.875,-28.125,-28.25,-26.625,-29.75,-29.5,-28,-29.5,-29.75,-28.25,-29.75,-29.5,-28,-32.75,-33.5,-30.375,-33,-33.5,-30.5,-31.875,-32.25,-29.75,-35.25,-35.5,-32.75,-35.75,-36,-33.25,-33.75,-33.5,-32.5,-34.75,-34.75,-31.75,-33.5,-33.75,-31.875,-33,-33.75,-30.75
unity,-15.125,-14.8125,-12.9375,-13.75,-12.8125,-11.625,-15.6875,-15.4375,-12.9375,-14.5,-14.25,-11.625,-13.375,-13.0625,-11.5,-15.3125,-15.875,-12.4375,-14.9375,-14.6875,-13.5625,-13.4375,-12.6875,-12.75,-14.9375,-14.6875,-13.1875,-36.5,-36.75,-33.5,-36.25,-36.25,-33.25,-36.5,-36.5,-33.75,-39.25,-39.5,-35.75,-38.25,-38.75,-35.25,-38.75,-39,-35.5,-37.25,-37.5,-34.75,-36,-36,-33.25,-37,-37.25,-34.25
unselfishness,-21.875,-21.125,-19,-19.25,-18.875,-18,-19.875,-19.375,-18,-19.125,-18.75,-17.125,-17,-16.25,-15.75,-18.375,-17.875,-16.5,-19.625,-18.5,-17.625,-16.625,-15.8125,-16.25,-16.875,-16.375,-16,-37.75,-38,-34.25,-36.75,-37.25,-34,-37.5,-38.25,-34.5,-40,-40.25,-36.25,-38.5,-38.5,-35.75,-39.5,-39.5,-36.25,-39.25,-39.75,-36.5,-37.25,-37.5,-34.75,-39,-39.75,-36
victor,-26.25,-26.5,-24.75,-27.625,-27.625,-25.375,-26.75,-26.875,-24.125,-27.25,-27.125,-24.625,-27.875,-28.125,-25.625,-27,-27.25,-24.625,-29.625,-29.375,-27.375,-30,-30.375,-28.375,-29.75,-29.5,-27.5,-34.25,-34.75,-32,-33.75,-34,-31.25,-34.5,-34.5,-31.875,-37.25,-37.25,-34.25,-36.75,-36.75,-34.25,-36.5,-36.75,-33.75,-35,-35.25,-32.75,-33.25,-33.5,-31.125,-34.5,-34.5,-32.25
victors,-27.625,-27.5,-24.875,-28.875,-28.875,-26,-27.875,-28.25,-25.125,-28.75,-29.25,-25.625,-30.25,-30.5,-26.875,-29.25,-29.625,-26.125,-31.25,-31.125,-27.75,-32.25,-32.5,-29.25,-32.25,-32.25,-29,-35,-35.25,-31.625,-35.25,-35.5,-32.5,-34.75,-35,-31.625,-37,-36.5,-33.75,-37.25,-37,-34.75,-35.5,-35,-33.25,-35.25,-35,-32.75,-34.25,-34.25,-32.5,-34,-34,-31.75
victory,-16.625,-16.625,-15.8125,-19.25,-19.5,-18.125,-17.375,-17.75,-16.125,-18.75,-18.875,-17,-22,-22.25,-20,-19.375,-19.5,-17.875,-22,-22.375,-19.875,-25.125,-25.5,-23.5,-23.125,-23.5,-21.375,-35.75,-35.75,-33.25,-34.75,-34.5,-32.25,-35.5,-35.5,-32.5,-37.75,-37.75,-35.75,-36.75,-36,-34.75,-37.25,-36.5,-34.5,-35.5,-35,-33.25,-33.25,-33,-31.75,-34.75,-34.25,-32.25
victories,-24.75,-24.5,-22.375,-26.125,-26,-24.125,-25.25,-25.375,-23,-27.375,-27.875,-24.75,-29,-29.25,-26.375,-27.875,-28.125,-25.625,-28.125,-28.625,-26,-30.25,-30.375,-28.125,-29.625,-29.625,-27.125,-41,-41.25,-37.5,-40.25,-40.5,-37.25,-40.25,-40.75,-36.75,-42.25,-42.75,-39,-41.75,-42,-39.25,-41.75,-41.5,-38.5,-40.75,-41,-38.25,-39.5,-39.25,-37.25,-40,-39.75,-37.5
volunteer,-28.875,-28.5,-24.875,-28.875,-28.75,-24.75,-29.5,-29.5,-25.375,-29.75,-29.875,-24.75,-30.125,-29.875,-25.625,-30.375,-30.25,-26,-29.5,-29,-25,-28.125,-28.625,-24.875,-29.375,-29.25,-25.375,-37,-37.5,-34,-36.5,-36.5,-34.25,-36.5,-37,-33.75,-40,-40.25,-37.25,-40,-39.75,-37.75,-39,-39.5,-36.5,-37.5,-37.5,-35.25,-36,-36,-34,-36.5,-37.25,-34.25
volunteers,-31.75,-31.75,-28,-31.25,-30.625,-28.125,-31.625,-31.625,-28.25,-31.75,-31.625,-27.75,-31.25,-31.125,-27.75,-31.625,-31.75,-27.625,-32.5,-31.875,-28.25,-30.5,-30.625,-27.875,-31.25,-30.75,-28.375,-40.25,-40.5,-36.25,-40.25,-40,-37.5,-39.5,-39.75,-36.25,-41.75,-42.25,-39,-42.25,-42.5,-40,-41.25,-41.5,-38.5,-39.5,-40,-37.25,-39.25,-39.25,-37.5,-39,-39.75,-37.25
welfare,-21.875,-21.25,-20.25,-19,-18.625,-18.25,-20.625,-20.125,-19.375,-20.875,-20.5,-19.75,-18.875,-18.375,-18.25,-21.25,-20.375,-19.25,-18,-17.375,-17.5,-16.125,-15.8125,-16.75,-17,-16.375,-16.5,-35,-35,-32.5,-35,-35,-32.25,-35.25,-35.25,-32.75,-36,-36.25,-33.75,-35.75,-35.75,-33.75,-36,-36,-33.5,-37,-37,-33.5,-35.75,-36,-32.75,-36.75,-36.75,-33.75
willpower,-28.125,-27.625,-24.75,-26.625,-26.5,-25,-26.5,-26,-24.125,-26.125,-25.75,-23.5,-24.75,-24.5,-22.875,-24.625,-24.125,-22.125,-29.625,-29.5,-26.625,-28.75,-28.5,-26.75,-28.75,-28.375,-26.125,-35.5,-36,-32.5,-34.75,-35.25,-32.25,-36.25,-36,-33.75,-38.5,-38.75,-35.75,-37.75,-38,-35.25,-39,-38.75,-36,-36.75,-36.25,-34,-34.75,-34.25,-32.5,-36.75,-36,-34
winner,-22,-22.5,-20.625,-23.625,-24.125,-21.625,-22.125,-22.375,-20.875,-24.25,-24.75,-21.625,-25.625,-26,-23.5,-24.5,-24.625,-22.25,-26.75,-27,-24.5,-28.25,-28.625,-25.625,-27.125,-27.375,-24.75,-32,-32,-31,-31.25,-31.25,-29.5,-32.75,-32.75,-30.25,-35.5,-35.5,-33.5,-34.75,-34.5,-32.75,-34.25,-34.5,-32,-33.75,-33.25,-32,-31.625,-31.625,-30,-32.75,-32.75,-30.75
winners,-24.125,-24.375,-21.125,-25,-25.375,-22.5,-25,-25,-22.25,-26.125,-26.375,-22.625,-27.25,-27.875,-24.25,-27.125,-27.125,-23.75,-27.875,-28,-24.75,-29.5,-29.375,-26.25,-29.875,-29.5,-26.125,-36,-36.5,-32.75,-36.25,-36.25,-33.25,-35.5,-35.5,-32.75,-38.5,-38.5,-35,-38.75,-38.75,-36,-37.75,-37.75,-34.75,-37,-37.25,-33.5,-36,-36.5,-33.75,-36,-36,-33.5
wit,-20.875,-20.75,-19.375,-21.625,-21.125,-20.875,-21.75,-21.125,-19.875,-22.125,-22.5,-20.25,-24.625,-24.875,-22.625,-23.25,-23.125,-20.875,-26.75,-26.5,-24.25,-27.875,-27.875,-25.75,-28.125,-27.875,-25.375,-31.375,-31.625,-26.875,-31,-31,-27.625,-31.75,-31.75,-27.625,-33.5,-34.25,-30.125,-33.75,-34,-30.875,-33.75,-34.25,-30.5,-32,-31.875,-28.875,-29.875,-30.125,-28.125,-31.875,-32.5,-29
wits,-24.875,-25.25,-23.125,-25.625,-25.625,-23.375,-25.75,-26,-23.5,-25.75,-26.25,-23.375,-26.75,-26.75,-23.875,-26.625,-27,-23.5,-29.75,-29.625,-26.875,-29.75,-29.875,-27.25,-30.625,-30.625,-27.375,-31.125,-31.625,-27.375,-31.125,-31.625,-27.625,-32,-32.25,-28.125,-33.75,-34.5,-30,-33.75,-34,-30.75,-34,-34.25,-30.25,-32,-32.75,-28.75,-30.875,-30.875,-27.875,-32.25,-32.75,-28.75
